Smiles,SPS,nSPS
C=CCSS(=O)CC=C,112,12.444444444444445
c1cncc([C@@H]2CCCCN2)c1,286,23.833333333333332
Cc1ccc(C(C)C)cc1O,116,10.545454545454545
C=C(C)[C@H]1CC=C(C)CC1,258,25.8
O=C1CCC[C@@H]2[C@H]3CCCN4CCC[C@@H](CN12)[C@@H]34,800,44.44444444444444
CN1CCC[C@H]1c1cccnc1,295,24.583333333333332
c1cncc([C@@H]2CCCN2)c1,262,23.818181818181817
O=C1CCC[C@@H]2[C@H]3CCC[N+]4([O-])CCC[C@@H](CN12)[C@@H]34,941,49.526315789473685
C/C=C\CC1=C(C)[C@@H](OC(=O)[C@@H]2[C@@H](C=C(C)C)C2(C)C)CC1=O,670,29.130434782608695
C/C=C\CC1=C(C)[C@@H](OC(=O)[C@@H]2[C@@H](/C=C(\C)C(=O)OC)C2(C)C)CC1=O,724,27.846153846153847
CC/C=C\CC1=C(C)[C@@H](OC(=O)[C@@H]2[C@@H](C=C(C)C)C2(C)C)CC1=O,682,28.416666666666668
CC/C=C\CC1=C(C)[C@@H](OC(=O)[C@@H]2[C@@H](/C=C(\C)C(=O)OC)C2(C)C)CC1=O,736,27.25925925925926
C=C/C=C\CC1=C(C)[C@@H](OC(=O)[C@@H]2[C@@H](C=C(C)C)C2(C)C)CC1=O,677,28.208333333333332
C=C/C=C\CC1=C(C)[C@@H](OC(=O)[C@@H]2[C@@H](/C=C(\C)C(=O)OC)C2(C)C)CC1=O,731,27.074074074074073
CC1(C)[C@H]2O[C@H]2[C@H]2[C@](C)(O)[C@@H]3CC[C@@H]4[C@@H](O)[C@@]3(C[C@@H](O)[C@@]21O)C[C@@]4(C)O,1767,67.96153846153847
C=C(C)[C@H]1Cc2c(ccc3c2O[C@@H]2COc4cc(OC)c(OC)cc4[C@@H]2C3=O)O1,679,23.413793103448278
C[n+]1cc2c3c(ccc2c2ccc4cc5c(cc4c21)OCO5)OCO3,369,14.76
CC(C)[C@]12O[C@H]1[C@@H]1O[C@@]13[C@@]1(C)CCC4=C(COC4=O)[C@@H]1C[C@@H]1O[C@@]13[C@@H]2O,1641,63.11538461538461
CN=C(O)Oc1cccc2c1OC(C)(C)O2,251,15.6875
CN=C(O)Oc1cccc2ccccc12,149,9.933333333333334
CCOC(=O)CCN(SN(C)C(=O)Oc1cccc2c1OC(C)(C)C2)C(C)C,408,14.571428571428571
CN=C(O)Oc1cccc2c1OC(C)(C)C2,259,16.1875
CN=C(O)ON=CC(C)(C)SC,124,10.333333333333334
CN=C(O)ON=CC(C)(C)S(C)(=O)=O,164,11.714285714285714
CN=C(O)ON=C(C)C(C)SC,140,11.666666666666666
CN=C(O)ON=C(C)C(C)S(C)(=O)=O,180,12.857142857142858
CN=C(O)ON=C(C)SC,83,8.3
CN=C(O)ON=CC(C)(C)CCC#N,138,9.857142857142858
CN=C(O)ON=C(SC)C(=O)N(C)C,124,8.857142857142858
CN=C(O)ON=C1SC(C)(C)C(=O)N1C,286,19.066666666666666
CN=C(O)ON=C(C)SCCC#N,109,8.384615384615385
CSC(C)=NOC(=O)N(C)SN(C)C(=O)ON=C(C)SC,198,9.428571428571429
CN=C(O)ON=C(CSC)C(C)(C)C,149,10.642857142857142
C=CCN(CC=C)c1c(C)cc(OC(O)=NC)cc1C,195,9.75
CN=C(O)Oc1ccc(N(C)C)c(C)c1,144,9.6
CCC(CC)c1cccc(OC(O)=NC)c1,164,10.25
CN=C(O)Oc1cc(C(C)(C)C)cc(C(C)(C)C)c1,231,12.157894736842104
CN=C(O)Oc1cc(C)c(C)cc1Cl,136,9.714285714285714
CN=C(O)Oc1ccccc1OC(CCl)OC,199,11.705882352941176
CN=C(O)Oc1ccccc1Cl,110,9.166666666666666
CN=C(O)Oc1ccccc1C,110,9.166666666666666
CN=C(O)Oc1ccccc1C1OCCO1,257,16.0625
CCSc1ccc(OC(O)=NC)cc1,134,9.571428571428571
CCSCc1ccccc1OC(O)=NC,146,9.733333333333333
CCc1cc(CC)cc(OC(O)=NC)c1,147,9.8
CCC(C)c1ccccc1OC(O)=NC,179,11.933333333333334
CN=C(O)Oc1ccccc1C(C)C,140,10.0
CN=C(O)Oc1cc(C)c(SC)c(C)c1,148,9.866666666666667
CN=C(O)Oc1cccc(C)c1,110,9.166666666666666
CN=C(O)Oc1cc(C)c(N(C)C)c(C)c1,157,9.8125
CCCC(=O)N(C)C(=O)Oc1cc(C)cc(C(C)C)c1,210,10.5
CN=C(O)Oc1cc(C)cc(C(C)C)c1,153,10.2
CN=C(O)Oc1ccccc1OC(C)C,148,9.866666666666667
CN=C(O)Oc1cc(C)cc(C)c1C,136,9.714285714285714
CN=C(O)Oc1cc(C)cc(C)c1,123,9.461538461538462
CN=C(O)Oc1ccc(C)c(C)c1,123,9.461538461538462
CN(C(=O)c1ccccc1)c1cccc(C(O)=Nc2c(Br)cc(C(F)(C(F)(F)F)C(F)(F)F)cc2C(F)(F)F)c1F,521,12.707317073170731
CN=C(O)c1cc(Cl)cc(C)c1N=C(O)c1cc(Br)nn1-c1ncccc1Cl,297,10.607142857142858
CN=C(O)c1cc(C#N)cc(C)c1N=C(O)c1cc(Br)nn1-c1ncccc1Cl,299,10.310344827586206
CC(N=C(O)c1cc(Cl)cc(Br)c1N=C(O)c1cc(Br)nn1-c1ncccc1Cl)C1CC1,453,14.15625
Cc1cc(C(F)(C(F)(F)F)C(F)(F)F)ccc1NC(=O)c1cccc(Cl)c1C(O)=NC(C)(C)C#N,442,12.628571428571428
Cc1cc(C(F)(C(F)(F)F)C(F)(F)F)ccc1NC(=O)c1cccc(I)c1C(O)=NC(C)(C)CS(C)(=O)=O,504,13.263157894736842
CN=C(O)c1cc(C#N)cc(C)c1NC(=O)c1cc(Cn2nnc(C(F)(F)F)n2)nn1-c1ncccc1Cl,425,11.18421052631579
O=[N+]([O-])c1cc(C2CCCCC2)c(O)c([N+](=O)[O-])c1,308,16.210526315789473
Cc1c([N+](=O)[O-])cc([N+](=O)[O-])c(O)c1C(C)C,180,10.588235294117647
CCCC(C)c1cc([N+](=O)[O-])cc([N+](=O)[O-])c1O,218,12.11111111111111
Cc1cc([N+](=O)[O-])cc([N+](=O)[O-])c1O,137,9.785714285714286
CCCCNS(=O)(=O)C(F)(F)C(F)(F)C(F)(F)C(F)(F)C(F)(F)C(F)(F)C(F)(F)C(F)(F)F,538,16.303030303030305
CCNS(=O)(=O)C(F)(F)C(F)(F)C(F)(F)C(F)(F)C(F)(F)C(F)(F)C(F)(F)C(F)(F)F,514,16.580645161290324
Cc1ccc(N=CN(C)C=Nc2ccc(C)cc2C)c(C)c1,221,10.045454545454545
Cc1cc(Cl)ccc1N=CN(C)C,124,9.538461538461538
CN=C(O)Oc1cccc(N=CN(C)C)c1,147,9.1875
CN=C(O)Oc1ccc(N=CN(C)C)c(C)c1,160,9.411764705882353
CN=CNc1ccc(C)cc1C,111,9.25
ClC(Cl)(Cl)Cl,60,12.0
O=[N+]([O-])C(Cl)(Cl)Cl,79,11.285714285714286
Clc1ccc(Cl)cc1,74,9.25
CC(Cl)(Cl)Cl,60,12.0
c1ccc2ccccc2c1,100,10.0
O=S(=O)(F)F,58,11.6
ClC(Cl)C(Cl)Cl,66,11.0
CC(C)N1C(=O)N(c2ccccc2)CS/C1=N\C(C)(C)C,394,18.761904761904763
N=c1[nH]c(=N)[nH]c(=NC2CC2)[nH]1,192,16.0
OC(=Nc1cc(C(F)(F)F)cc(C(F)(F)F)c1Cl)N=C(O)c1c(F)cccc1F,345,11.89655172413793
O=C(N=C(O)c1ccccc1Cl)Nc1ccc(Cl)cc1,198,9.9
OC(=Nc1cc(Cl)c(Oc2ncc(C(F)(F)F)cc2Cl)c(Cl)c1)N=C(O)c1c(F)cccc1F,380,11.176470588235293
O=C(N=C(O)c1c(Cl)cccc1Cl)Nc1ccc(Cl)cc1,211,10.047619047619047
O=C(N=C(O)c1c(F)cccc1F)Nc1ccc(Cl)cc1,211,10.047619047619047
O=C(N=C(O)c1c(F)cccc1F)Nc1ccc(CON=C(c2ccc(Cl)cc2)C2CC2)cc1,427,12.558823529411764
OC(=Nc1ccc(Oc2ccc(C(F)(F)F)cc2Cl)cc1F)N=C(O)c1c(F)cccc1F,367,11.121212121212121
OC(=Nc1cc(Cl)c(OC(F)(F)C(F)F)c(Cl)c1)N=C(O)c1c(F)cccc1F,329,11.344827586206897
O=C(N=C(O)c1c(F)cccc1F)Nc1cc(Cl)c(OC(F)(F)C(F)C(F)(F)F)cc1Cl,410,12.8125
OC(=Nc1ccc(OC(F)(F)C(F)OC(F)(F)F)c(Cl)c1)N=C(O)c1c(F)cccc1F,409,12.78125
OC(=Nc1cc(Cl)c(OC(F)(F)C(F)C(F)(F)F)c(Cl)c1F)N=C(O)c1c(F)cccc1F,423,12.818181818181818
O=C(N=C(O)c1c(F)cccc1F)Nc1ccc(C(F)(F)F)cc1,265,11.041666666666666
OC(=Nc1cc(Cl)c(F)c(Cl)c1F)N=C(O)c1c(F)cccc1F,250,10.416666666666666
O=C(N=C(O)c1ccccc1Cl)Nc1ccc(OC(F)(F)F)cc1,260,10.833333333333334
O=c1c(Cl)c(OCc2ccc(Cl)nc2)cnn1-c1ccc(Cl)c(Cl)c1,268,10.72
CCc1ccc(OCCC(CC)CCC2OC2(C)CC)cc1,550,25.0
CCOC(O)=NCCOc1ccc(Oc2ccccc2)cc1,217,9.863636363636363
CCOC(=O)/C=C(C)/C=C/CC(C)CCCC(C)C,268,14.105263157894736
C#CCOC(=O)/C=C(C)/C=C/CC(C)CCCC(C)C,270,13.5
COC(C)(C)CCCC(C)C/C=C/C(C)=C/C(=O)OC(C)C,322,14.636363636363637
CC(COc1ccc(Oc2ccccc2)cc1)Oc1ccccn1,277,11.541666666666666
CCSC(=O)/C=C(C)/C=C/CC(C)CCCC(C)(C)OC,308,14.666666666666666
CC/C(=C\CC/C(C)=C/C(=O)OC)CC[C@H]1O[C@@]1(C)CC,543,25.857142857142858
CC[C@]1(C)O[C@@H]1CC/C(C)=C/CC/C(C)=C/C(=O)OC,531,26.55
COC(=O)/C=C(\C)CC/C=C(\C)CC[C@H]1OC1(C)C,423,22.263157894736842
Cc1cc(C)cc(C(=O)N(NC(=O)c2ccc3c(c2C)CCCO3)C(C)(C)C)c1,386,13.310344827586206
Cc1cc(C)cc(C(=O)N(N=C(O)c2ccc3c(c2C)OC(C)C3)C(C)(C)C)c1,449,15.482758620689655
CC(C)(C)N(NC(=O)c1ccc(Cl)cc1)C(=O)c1ccccc1,252,10.956521739130435
COc1cccc(C(O)=NN(C(=O)c2cc(C)cc(C)c2)C(C)(C)C)c1C,299,11.074074074074074
CCc1ccc(C(=O)NN(C(=O)c2cc(C)cc(C)c2)C(C)(C)C)cc1,290,11.153846153846153
CC(C)(C)N(N=C(O)c1ccccc1)C(=O)c1ccccc1,239,10.863636363636363
C[C@H]([C@H](O)CCC(C)(C)O)[C@H]1CC[C@@]2(O)C3=CC(=O)[C@@H]4C[C@@H](O)[C@@H](O)C[C@]4(C)[C@H]3CC[C@]12C,1560,47.27272727272727
CC(C)(O)CC[C@@H](O)[C@](C)(O)[C@H]1CC[C@@]2(O)C3=CC(=O)[C@@H]4C[C@@H](O)[C@@H](O)C[C@]4(C)[C@H]3CC[C@]12C,1605,47.205882352941174
CCC1OCC(COc2ccc(Oc3ccccc3)cc2)O1,457,20.772727272727273
COc1ccc2c(c1)OC(C)(C)C=C2,239,17.071428571428573
COc1cc2c(cc1OC)OC(C)(C)C=C2,260,16.25
CCOc1cc2c(cc1OC)C=CC(C)(C)O2,272,16.0
N#Cc1c(N)[nH]c(=NC2CC2)[nH]c1=N,207,14.785714285714286
CC[C@H]1O[C@]2(CC[C@@H]1C)C[C@@H]1C[C@@H](C/C=C(\C)C[C@@H](C)/C=C/C=C3\CO[C@@H]4[C@H](O)C(C)=C[C@@H](C(=O)O1)[C@]34O)O2,1899,48.69230769230769
CC[C@H]1O[C@]2(CC[C@@H]1C)C[C@@H]1C[C@@H](C/C=C(\C)C[C@@H](C)/C=C/C=C3\CO[C@@H]4C(=NO)C(C)=C[C@@H](C(=O)O1)[C@]34O)O2,1834,45.85
CN/C(=N\[N+](=O)[O-])NCc1cnc(Cl)s1,168,11.2
CN=C(NCC1CCOC1)N[N+](=O)[O-],283,20.214285714285715
O=[N+]([O-])/N=C1\NCCN1Cc1ccc(Cl)nc1,293,17.235294117647058
O=[N+]([O-])NC1=NCCN1Cc1cnc(Cl)s1,241,15.0625
CN1COCN(Cc2cnc(Cl)s2)C1=N[N+](=O)[O-],288,16.0
CCN(Cc1ccc(Cl)nc1)/C(=C/[N+](=O)[O-])NC,201,11.166666666666666
O=[N+]([O-])C=C1NCCCS1,178,17.8
C/C(=N\C#N)N(C)Cc1ccc(Cl)nc1,164,10.933333333333334
CCCOC1CC(C)C([N+](=O)[O-])=C2N(Cc3ccc(Cl)nc3)CCN21,579,23.16
N#C/N=C1\SCCN1Cc1ccc(Cl)nc1,284,17.75
CN(C)C(CSS(=O)(=O)c1ccccc1)CSS(=O)(=O)c1ccccc1,328,12.615384615384615
CN(C)C(CSC(=N)O)CSC(=N)O,152,10.857142857142858
CN(C)C1CSSSSSC1,255,23.181818181818183
CN(C)C1CSSSC1,207,23.0
CN(C)C(CSS(=O)(=O)O)CSS(=O)(=O)O,218,13.625
ClC(Cl)(Cl)C(c1ccc(Br)cc1)c1ccc(Br)cc1,226,11.894736842105264
Clc1ccc(C(c2ccc(Cl)cc2)C(Cl)(Cl)Cl)cc1,226,11.894736842105264
CCc1ccc(C(c2ccc(CC)cc2)C(Cl)Cl)cc1,226,11.3
ClC1C(Cl)C(Cl)C(Cl)C(Cl)C1Cl,666,55.5
COc1ccc(C(c2ccc(OC)cc2)C(Cl)(Cl)Cl)cc1,242,11.523809523809524
Oc1c(Cl)c(Cl)c(Cl)c(Cl)c1Cl,125,10.416666666666666
Clc1ccc(C(c2ccc(Cl)cc2)C(Cl)Cl)cc1,202,11.222222222222221
ClC1=C(Cl)[C@]2(Cl)[C@H]3[C@H]([C@@H]4C=C[C@H]3C4)[C@@]1(Cl)C2(Cl)Cl,1058,58.77777777777778
ClC1=C(Cl)C2(Cl)C(CBr)CC1(Cl)C2(Cl)Cl,717,47.8
ClCC1C(CCl)C2(Cl)C(Cl)=C(Cl)C1(Cl)C2(Cl)Cl,816,48.0
ClC1=C(Cl)C2(Cl)C3C(Cl)C(Cl)CC3C1(Cl)C2(Cl)Cl,1032,57.333333333333336
O=C1C2(Cl)C3(Cl)C4(Cl)C(Cl)(Cl)C5(Cl)C3(Cl)C1(Cl)C5(Cl)C24Cl,1700,80.95238095238095
ClC1=C(Cl)[C@]2(Cl)[C@@H]3[C@@H]4C[C@H]([C@@H]3[C@@]1(Cl)C2(Cl)Cl)[C@H]1O[C@@H]41,1266,66.63157894736842
ClC1=C(Cl)C2(Cl)C3CC(Cl)CC3C1(Cl)C2(Cl)Cl,945,55.588235294117645
O=S1OCC2C(CO1)C1(Cl)C(Cl)=C(Cl)C2(Cl)C1(Cl)Cl,992,52.21052631578947
O=S1OC[C@@H]2[C@H](CO1)[C@]1(Cl)C(Cl)=C(Cl)[C@@]2(Cl)C1(Cl)Cl,992,52.21052631578947
ClC1=C(Cl)[C@]2(Cl)[C@H]3[C@H]([C@@H]4C[C@H]3[C@H]3O[C@@H]43)[C@@]1(Cl)C2(Cl)Cl,1266,66.63157894736842
ClC1=C(Cl)C2(Cl)C3C(Cl)C=CC3C1(Cl)C2(Cl)Cl,929,54.64705882352941
ClC1=C(Cl)C2(Cl)C3C(Cl)OC(Cl)C3C1(Cl)C2(Cl)Cl,1032,57.333333333333336
ClC1=C(Cl)[C@]2(Cl)[C@@H]3[C@@H]4C=C[C@@H](C4)[C@@H]3[C@@]1(Cl)C2(Cl)Cl,1058,58.77777777777778
CCOC(=O)CCC(=O)CC1(O)C2(Cl)C3(Cl)C4(Cl)C(Cl)(Cl)C5(Cl)C3(Cl)C1(Cl)C5(Cl)C42Cl,1956,63.096774193548384
ClC1(Cl)C2(Cl)C3(Cl)C4(Cl)C(Cl)(Cl)C5(Cl)C3(Cl)C1(Cl)C5(Cl)C24Cl,1764,80.18181818181819
CCOP(=O)(OCC)OC(=CBr)c1ccc(Cl)cc1Cl,225,11.25
CCOP(=O)(OCC)OC(=CCl)c1ccc(Cl)cc1Cl,225,11.25
COP(=O)(OC)O/C(C)=C/C(=O)OC(C)c1ccccc1,286,13.619047619047619
COP(=O)(OC)OC=C(Cl)Cl,120,10.909090909090908
COP(=O)(OC)O/C(C)=C/C(=O)N(C)C,187,12.466666666666667
COP(=O)(OC)O/C(=C\Cl)c1ccc(Cl)cc1Cl,227,12.61111111111111
COP(=O)(OC)Oc1nc(Cl)c(Cl)cc1Cl,185,11.5625
COP(=O)(OC)OC1=C(Cl)C2C=CCC12,435,29.0
CON(C)C(=O)/C=C(\C)OP(=O)(OC)OC,199,12.4375
COC(=O)C=C(C)OP(=O)(OC)OC,148,10.571428571428571
CN=C(O)/C=C(\C)OP(=O)(OC)OC,174,12.428571428571429
COP(=O)(OC)OC(Br)C(Cl)(Cl)Br,206,15.846153846153847
CCOP(=O)(OCC)ON1C(=O)c2cccc3cccc(c23)C1=O,348,14.5
CCN(CC)C(=O)C(Cl)=C(C)OP(=O)(OC)OC,198,11.0
CCCOP(=O)(OCCC)Oc1ccc(SC)cc1,219,11.526315789473685
CCOP(=O)(OCC)OP(=O)(OCC)OCC,220,12.941176470588236
COP(=O)(OC)O/C(=C\Cl)c1cc(Cl)c(Cl)cc1Cl,240,12.631578947368421
COP1(=S)OCc2ccccc2O1,341,26.23076923076923
CCCC(=O)N(CSP(=S)(OC)OC)c1ccccc1Cl,240,11.428571428571429
CCOC(=O)C(SP(=S)(OC)OC)c1ccccc1,247,13.0
CCOC(=O)CSP(=S)(OCC)OCC,171,11.4
CCOC(=O)CSP(=O)(OCC)OCC,171,11.4
CCOP(=O)(OCC)SCCN(CC)CC,197,12.3125
CCOP(=O)(SC(C)CC)SC(C)CC,293,19.533333333333335
CCOP(=S)(OCC)OC(Cl)C(Cl)(Cl)Cl,230,15.333333333333334
CCOP(=S)(OCC)SCCl,131,11.909090909090908
COP(=S)(OC)OCCSC,131,11.909090909090908
COP(=O)(OC)SCCSC,131,11.909090909090908
CCOP(=S)(OCC)OCCSCC,167,11.928571428571429
CCOP(=O)(OCC)SCCSCC,167,11.928571428571429
CCSCCOP(=S)(OC)OC,143,11.916666666666666
CCSCCSP(=O)(OC)OC,143,11.916666666666666
CCS(=O)(=O)CCSP(=O)(OC)OC,183,13.071428571428571
CCOP(=S)(OCC)SCCSCC,167,11.928571428571429
CCOP(=S)(OCC)SCSP(=S)(OCC)OCC,244,12.842105263157896
CCCSP(=O)(OCC)SCCC,155,11.923076923076923
CCS(=O)CSP(=S)(OC(C)C)OC(C)C,235,14.6875
COP(=S)(OC)SCCSC(C)C,161,12.384615384615385
COC(=O)/C(C)=C/OP(=S)(OC)OC,174,12.428571428571429
CCOC(=O)CSP(=O)(OC)OC,147,11.307692307692308
CCS(=O)CCSP(=O)(OC)OC,187,14.384615384615385
CCS(=O)CC(C)SP(=O)(OC)OC,232,16.571428571428573
CCOP(=S)(OCC)SCCS(=O)CC,211,14.066666666666666
CCOP(=S)(OCC)SCSCC,155,11.923076923076923
CCOP(=S)(OCC)OP(=S)(OCC)OCC,220,12.941176470588236
CCOP(=S)(OCC)SCSC(C)(C)C,197,13.133333333333333
CCSCCSP(=S)(OC)OC,143,11.916666666666666
COCCN=C(O)CSP(=S)(OC)OC,171,11.4
CCOP(=O)(OCC)SCC(O)=NC(C)(C)C#N,215,11.944444444444445
CN=C(O)CSP(=S)(OC)OC,135,11.25
CCN=C(O)CSP(=S)(OC)OC,147,11.307692307692308
COP(=S)(OC)SCC(=O)N(C)C=O,155,11.071428571428571
CCOC(=O)N(C)C(=O)CSP(=S)(OCC)OCC,212,11.157894736842104
CN=C(O)CSP(=O)(OC)OC,135,11.25
CCOP(=S)(OCC)SCC(O)=NC(C)C,189,11.8125
COCN=C(O)CSP(=S)(OC)OC,159,11.357142857142858
CN=C(O)C(C)SCCSP(=O)(OC)OC,216,13.5
CCOP(=S)(OCC)ON=C(C#N)c1ccccc1Cl,214,10.7
CCOP(=S)(OCC)ON=C(C#N)c1ccccc1,201,10.578947368421053
COP(=S)(OC)ON=C(C#N)c1ccccc1,177,10.411764705882353
COP(=O)(OC)SCn1c(=O)oc2cc(Cl)cnc21,231,12.157894736842104
COP(=S)(OC)SCc1ncc(Cl)s1,167,11.928571428571429
CCOP(=S)(OCC)Oc1ccc2c(C)c(Cl)c(=O)oc2c1,260,11.818181818181818
CCOP(=S)(OCC)Oc1ccc2c3c(c(=O)oc2c1)CCCC3,350,14.583333333333334
CCOP(=S)(OCC)SC1OCCOC1SP(=S)(OCC)OCC,544,22.666666666666668
COc1coc(CSP(=O)(OC)OC)cc1=O,195,11.470588235294118
COP(=S)(OC)SCc1nc(=N)[nH]c(=N)[nH]1,186,11.625
COP(=S)(OC)SCC(=O)N1CCOCC1,280,17.5
CCOP(=S)(OCC)SCn1c(=O)oc2cc(Cl)ccc21,255,12.142857142857142
CCCSP(=O)(OCC)Oc1cnn(-c2ccc(Cl)cc2)c1,303,13.772727272727273
CCOP(=S)(OCC)Oc1cc(C)[nH]n1,175,11.666666666666666
CCOP(=S)(OCC)Oc1ccc(=O)n(-c2ccccc2)n1,250,11.363636363636363
CCOP(=S)(OCC)Oc1cc(C)nc2ccccc12,235,11.75
CCOP(=S)(OCC)SC1CCSc2ccc(Cl)cc21,377,18.85
CCOP(=O)(OCC)SC1CCSc2ccc(Cl)cc21,377,18.85
CCOP(=S)(OCC)SCn1nnc2ccccc2c1=O,250,11.904761904761905
COP(=S)(OC)SCn1nnc2ccccc2c1=O,226,11.894736842105264
CCOP(=S)(OCC)SC(CCl)N1C(=O)c2ccccc2C1=O,365,15.869565217391305
COP(=S)(OC)SCN1C(=O)c2ccccc2C1=O,284,14.947368421052632
CCOP(=S)(OCC)Oc1cc(-c2ccccc2)on1,230,11.5
CCCSP(=O)(OCC)SCc1cc(C)no1,251,14.764705882352942
CCOP(=S)(OCC)Oc1nn2c(C)ccnc2c1Cl,240,12.0
CCOC(=O)c1cn2nc(OP(=S)(OCC)OCC)cc2nc1C,280,11.666666666666666
CCOP(=S)(OCC)Oc1nc(Cl)c(Cl)cc1Cl,209,11.61111111111111
COP(=S)(OC)Oc1nc(Cl)c(Cl)cc1Cl,185,11.5625
CCOP(=S)(OCC)Oc1cnc(C(C)(C)C)nc1,237,12.473684210526315
CCOP(=S)(OCC)Oc1cc(C)nc(C(C)C)n1,226,11.894736842105264
CCOc1cc(OP(=S)(OC)OC)nc(CC)n1,204,11.333333333333334
CCOc1cc(OP(=S)(OC)OC)nc(C(C)C)n1,222,11.68421052631579
CCOP(=S)(OCC)Oc1cc(C)nc(OC)n1,204,11.333333333333334
CCOP(=S)(OCC)Oc1cc(C)nc(N(CC)CC)n1,241,11.476190476190476
CCN(CC)c1nc(C)cc(OP(=S)(OC)OC)n1,217,11.421052631578947
CCOP(=S)(OCC)Oc1cc(C)nc(N(CC)C(C)=O)n1,249,11.318181818181818
CCOP(=S)(OCC)Oc1cc(C)nc(N(C)C)n1,217,11.421052631578947
CCOP(=S)(Oc1cnc(C(C)(C)C)nc1)OC(C)C,303,15.15
CCOP(=S)(OCC)Oc1cnc2ccccc2n1,222,11.68421052631579
COP(=S)(OC)Oc1cnc2ccccc2n1,198,11.647058823529411
CCOP(=S)(OCC)SCn1nc(OC)sc1=O,211,11.722222222222221
CCOc1nn(CSP(=S)(OC)OC)c(=O)s1,199,11.705882352941176
COc1nn(CSP(=S)(OC)OC)c(=O)s1,187,11.6875
CCOP(=S)(OCC)SCn1nc(OC(C)C)sc1=O,241,12.05
CCOP(=S)(OCC)Oc1nc(Cl)n(C(C)C)n1,218,12.11111111111111
CCOP(=S)(OCC)Oc1ncn(-c2ccccc2)n1,230,11.5
COP(=S)(OC)Oc1ccc(N=Nc2ccc(Cl)cc2)cc1,243,11.045454545454545
COP(=S)(OC)Oc1cc(Cl)c(Br)cc1Cl,185,11.5625
CCOP(=S)(OCC)Oc1cc(Cl)c(Br)cc1Cl,209,11.61111111111111
CCOP(=S)(OCC)SCSc1ccc(Cl)cc1,211,11.722222222222221
CCOP(=S)(OCC)Oc1cc(SC)c(Cl)cc1Cl,221,11.631578947368421
COP(=S)(OC)Oc1ccc(C#N)cc1,161,10.733333333333333
COP(=S)(OC)Oc1ccc(S(N)(=O)=O)cc1,211,12.411764705882353
COP(=S)(OC)Oc1ccc([N+](=O)[O-])cc1Cl,191,11.235294117647058
CCOP(=S)(OCC)Oc1ccc(Cl)cc1Cl,196,11.529411764705882
CCCSP(=O)(OCC)Oc1ccc(Cl)cc1Cl,256,14.222222222222221
COP(=S)(OC)Oc1ccc(S(=O)(=O)N(C)C)cc1,241,12.68421052631579
COP(=S)(OC)Oc1cc(Cl)c(Cl)cc1Cl,185,11.5625
COP(=S)(OC)Oc1ccc([N+](=O)[O-])c(C)c1,191,11.235294117647058
CCOP(=S)(OCC)Oc1ccc(S(C)=O)cc1,239,13.277777777777779
COP(=S)(OC)Oc1ccc(SC)c(C)c1,184,11.5
CCOP(=S)(OCC)Oc1ccc(SC)c(C)c1,208,11.555555555555555
CCCSP(=O)(OCC)Oc1ccccc1,230,14.375
COP(=S)(OC)Oc1cc(Cl)c(I)cc1Cl,185,11.5625
COP(=S)(OC)Oc1ccc(S(C)=O)c(C)c1,228,13.411764705882353
CCOP(=S)(OCC)Oc1ccc([N+](=O)[O-])cc1,202,11.222222222222221
COP(=S)(OC)Oc1ccc([N+](=O)[O-])cc1,178,11.125
CCOP(=S)(OCC)SCSc1cc(Cl)ccc1Cl,224,11.789473684210526
COP(=S)(OC)Oc1ccc(Cl)c([N+](=O)[O-])c1,191,11.235294117647058
CCCSP(=O)(OCC)Oc1ccc(Br)cc1Cl,256,14.222222222222221
CCCSP(=S)(OCC)Oc1ccc(Cl)cc1Cl,256,14.222222222222221
CCCSP(=S)(OCC)Oc1ccc(SC)cc1,255,14.166666666666666
COP(=S)(OC)Oc1ccc(Sc2ccc(OP(=S)(OC)OC)cc2)cc1,324,12.0
CCOP(=S)(OC)Oc1cc(Cl)c(Cl)cc1Cl,245,14.411764705882353
CCCSP(=O)(OCC)Oc1c(Cl)cc(Cl)cc1Cl,269,14.157894736842104
CCOP(=S)(OCC)Oc1c(Cl)cc(Cl)cc1[N+](=O)[O-],228,11.4
CCCC(=O)OC(C(Cl)(Cl)Cl)P(=O)(OC)OC,246,14.470588235294118
COP(=O)(OC)C(O)C(Cl)(Cl)Cl,194,16.166666666666668
COC(=O)N(C)C(=O)CSP(C)(=S)OC,212,14.133333333333333
CCOP(=S)(CC)Sc1ccccc1,210,15.0
CCOP(=S)(CC)Oc1cc(Cl)c(Cl)cc1Cl,245,14.411764705882353
CCOP(=S)(Oc1ccc(C#N)cc1)c1ccccc1,264,13.2
CCOP(=S)(Oc1ccc([N+](=O)[O-])cc1)c1ccccc1,281,13.380952380952381
COP(=S)(Oc1cc(Cl)c(Br)cc1Cl)c1ccccc1,276,13.8
CNP(=O)(OC)Oc1ccc(C(C)(C)C)cc1Cl,274,15.222222222222221
CCOP(=O)(NC(C)C)Oc1ccc(SC)c(C)c1,274,14.421052631578947
CCOP(=O)(N=C1SCS1)OCC,220,16.923076923076923
CCOP(=O)(N=C1SCC(C)S1)OCC,331,22.066666666666666
CCOP(=O)(N=C1SCCS1)OCC,244,17.428571428571427
COP(=O)(N=C1SCCS1)OC,220,18.333333333333332
CCN(CC)c1nc(C)cc(OP(=O)(NC)OC)n1,265,13.947368421052632
COP(=O)(N=C(C)O)SC,159,15.9
COP(=O)(NC(O)C(Cl)(Cl)Cl)SC,254,19.53846153846154
COP(N)(=S)Oc1ccccc1C(=O)OC(C)C,253,14.055555555555555
CCOP(=S)(NC(C)C)Oc1ccccc1C(=O)OC(C)C,307,13.954545454545455
COP(=S)(NC(C)C)Oc1ccccc1C(=O)OC(C)C,295,14.047619047619047
COP(N)(=O)SC,131,18.714285714285715
CCCN(CCC)C(=O)CN(CC)P(=S)(OCC)OCC,250,11.904761904761905
CCNP(=S)(OC)O/C(C)=C/C(=O)OC(C)C,264,15.529411764705882
CN(C)P(=O)(F)N(C)C,119,13.222222222222221
CN(C)P(=O)(N=[N+]=[N-])N(C)C,130,11.818181818181818
CC(C)NP(=O)(F)NC(C)C,143,13.0
CN(C)P(=O)(OP(=O)(N(C)C)N(C)C)N(C)C,244,14.352941176470589
COC(=O)N(C(=O)N1CO[C@@]2(C(=O)OC)Cc3cc(Cl)ccc3C2=N1)c1ccc(OC(F)(F)F)cc1,666,18.5
COc1nn(-c2ccccc2OC)c(=O)o1,162,10.125
CC(C)=CC1C(C(=O)OCN2C(=O)C3=C(CCCC3)C2=O)C1(C)C,670,27.916666666666668
CCc1nn(C)c(C(=O)NCc2ccc(C(C)(C)C)cc2)c1Cl,266,11.565217391304348
CCc1nn(C)c(C(=O)NCc2ccc(Oc3ccc(C)cc3)cc2)c1Cl,288,10.666666666666666
CC(=O)c1nn(-c2c(Cl)cc(C(F)(F)F)cc2Cl)c(N)c1S(C)=O,315,13.125
CCS(=O)c1c(C#N)nn(-c2c(Cl)cc(C(F)(F)F)cc2Cl)c1N,309,12.875
N#Cc1nn(-c2c(Cl)cc(C(F)(F)F)cc2Cl)c(N)c1S(=O)C(F)(F)F,351,13.5
C=C(C)CNc1c(S(=O)C(F)(F)F)c(C#N)nn1-c1c(Cl)cc(C(F)(F)F)cc1Cl,392,13.066666666666666
N#Cc1nn(-c2c(Cl)cc(C(F)(F)F)cc2Cl)c(NCc2cnccn2)c1SCF,341,11.366666666666667
N#Cc1nn(-c2c(Cl)cc(C(F)(F)F)cc2Cl)c(NCc2ccccn2)c1SC(F)F,359,11.580645161290322
COc1cc(/C=N/c2c(SC(F)(F)F)c(C#N)nn2-c2c(Cl)cc(C(F)(F)F)cc2Cl)ccc1O,428,12.228571428571428
CC1(C)[C@@H](/C=C\C(=O)OC(C(F)(F)F)C(F)(F)F)[C@H]1C(=O)O[C@H](C#N)c1cccc(Oc2ccccc2)c1,740,19.473684210526315
C=CCC1=C(C)C(OC(=O)C2C(C=C(C)C)C2(C)C)CC1=O,645,29.318181818181817
C=CCC1=C(C)C(OC(=O)[C@@H]2[C@@H](C=C(C)C)C2(C)C)CC1=O,645,29.318181818181817
C=CCC1=C(C)[C@@H](OC(=O)[C@@H]2[C@@H](C=C(C)C)C2(C)C)CC1=O,645,29.318181818181817
CC(C)=CC1C(C(=O)OCc2cc3c(cc2Cl)OCO3)C1(C)C,537,23.347826086956523
Cc1c(COC(=O)[C@@H]2[C@H](/C=C(\Cl)C(F)(F)F)C2(C)C)cccc1-c1ccccc1,609,21.0
CC1(C)[C@H](C=C2CCCC2)[C@H]1C(=O)OCc1coc(Cc2ccccc2)c1,628,23.25925925925926
CC(C)C(C(=O)OC(C#N)c1cccc(Oc2ccc(Br)cc2)c1)c1ccc(Cl)cc1,392,12.64516129032258
CC(C)C(C(=O)OC(C#N)c1cccc(Oc2ccc(Br)cc2)c1)c1ccc(OC(F)F)cc1,430,12.647058823529411
CC1(C)C(C=C(Br)Br)C1C(=O)OCc1coc(Cc2ccccc2)c1,520,20.8
CC(C)=CC1C(C(=O)OCC=C(Cl)Cc2ccccc2)C1(C)C,489,21.26086956521739
C#CC(OC(=O)C1C(C=C(Cl)Cl)C1(C)C)C(C)=CCC,481,24.05
CC(C)=CC1C(C(=O)OC2CC(=O)C(C3C=CCC3)=C2C)C1(C)C,811,33.791666666666664
CCOc1ccc(C2(C(=O)OC(C#N)c3cccc(Oc4ccccc4)c3)CC2(Cl)Cl)cc1,630,19.09090909090909
CC1(C)C(C=C(Cl)Cl)C1C(=O)OC(C#N)c1ccc(F)c(Oc2ccccc2)c1,584,20.137931034482758
CC1(C)[C@@H](/C=C(\Cl)C(F)(F)F)[C@H]1C(=O)O[C@H](C#N)c1cccc(Oc2ccccc2)c1,651,21.0
CC1(C)C(C=C(Cl)Cl)C1C(=O)OC(C#N)c1cccc(Oc2ccccc2)c1,571,20.392857142857142
CC1(C)C(C=C(Cl)Cl)C1C(=O)O[C@H](C#N)c1cccc(Oc2ccccc2)c1,571,20.392857142857142
CC(C)=CC1C(C(=O)OC(C#N)c2cccc(Oc3ccccc3)c2)C1(C)C,571,20.392857142857142
CC1(C)[C@@H](C=C(Br)Br)[C@H]1C(=O)O[C@H](C#N)c1cccc(Oc2ccccc2)c1,571,20.392857142857142
COCc1c(F)c(F)c(COC(=O)C2C(C=C(C)C)C2(C)C)c(F)c1F,537,20.653846153846153
CC(C)=CC1C(C(=O)OCc2ccc(C)cc2C)C1(C)C,474,22.571428571428573
C#CC(OC(=O)C1C(C=C(C)C)C1(C)C)/C(C)=C/CC,507,25.35
C#CCC1=C(C)[C@@H](OC(=O)C2C(C=C(Cl)Cl)C2(C)C)CC1=O,640,29.09090909090909
C#CCC1=C(C)[C@@H](OC(=O)[C@@H]2[C@@H](C=C(Cl)Cl)C2(C)C)CC1=O,640,29.09090909090909
CC1(C)[C@H](C=C(Cl)Cl)[C@H]1C(=O)OCc1c(F)c(F)c(F)c(F)c1F,513,21.375
CC1(C)C(C=C(Cl)Cl)C1C(=O)OC(C#N)c1cccc(Oc2ccccc2)n1,571,20.392857142857142
CC1(C)C(C(=O)OC(C#N)c2cccc(Oc3ccccc3)c2)C1(C)C,479,18.423076923076923
CC(C)C(C(=O)OC(C#N)c1cccc(Oc2ccccc2)c1)c1ccc(Cl)cc1,379,12.633333333333333
CC(C)[C@H](C(=O)O[C@H](C#N)c1cccc(Oc2ccccc2)c1)c1ccc(Cl)cc1,379,12.633333333333333
CC(C)[C@H](C(=O)OC(C#N)c1cccc(Oc2ccccc2)c1)c1ccc(OC(F)F)cc1,417,12.636363636363637
CC(C)[C@@H](Nc1ccc(C(F)(F)F)cc1Cl)C(=O)OC(C#N)c1cccc(Oc2ccccc2)c1,454,12.971428571428572
C#CCc1ccc(COC(=O)C2C(C=C(C)C)C2(C)C)o1,467,22.238095238095237
CC(C)=CC1C(C(=O)OC2CC(=O)C(Cc3ccco3)=C2C)C1(C)C,685,27.4
COCc1c(F)c(F)c(COC(=O)C2C(/C=C\C(F)(F)F)C2(C)C)c(F)c1F,594,21.214285714285715
C#CCN1CC(=O)N(COC(=O)[C@@H]2C(C=C(C)C)C2(C)C)C1=O,579,25.17391304347826
C=CCc1ccc(COC(=O)C2C(C=C(C)C)C2(C)C)o1,472,22.476190476190474
CC1(C)[C@@H](/C=C2\CCSC2=O)[C@H]1C(=O)OCc1coc(Cc2ccccc2)c1,686,24.5
COCc1ccc(COC(=O)C2C(C=C(C)C)C2(C)C)cc1,485,22.045454545454547
CC=CC1C(C(=O)OCc2c(F)c(F)c(COC)c(F)c2F)C1(C)C,524,20.96
C/C=C\[C@@H]1[C@@H](C(=O)OCc2c(F)c(F)c(COC)c(F)c2F)C1(C)C,540,21.6
COCc1c(F)c(F)c(COC(=O)C2C(C=C(C)C#N)C2(C)C)c(F)c1F,539,19.962962962962962
COCc1c(F)c(F)c(COC(=O)[C@@H]2[C@@H](/C=C(/C)C#N)C2(C)C)c(F)c1F,565,20.925925925925927
CCC=C(C)C(C#N)OC(=O)C1C(C=C(Cl)Cl)C1(C)C,481,24.05
CC1(C)[C@H](C=C(Cl)Cl)[C@H]1C(=O)OCc1cccc(Oc2ccccc2)c1,524,20.153846153846153
CC(C)=CC1C(C(=O)OCc2cccc(Oc3ccccc3)c2)C1(C)C,524,20.153846153846153
C#CCC1=C(C)C(OC(=O)C2C(C=C(C)C)C2(C)C)CC1=O,640,29.09090909090909
CC=CC1C(C(=O)OCc2c(F)c(F)c(C)c(F)c2F)C1(C)C,500,21.73913043478261
C#CCc1cc(COC(=O)C2C(C=C(C)C)C2(C)C)c(C)o1,480,21.818181818181817
COC(=O)/C(C)=C/[C@@H]1[C@@H](C(=O)OCc2coc(Cc3ccccc3)c2)C1(C)C,574,20.5
COCc1c(F)c(F)c(COC(=O)C2C(C=C(Cl)Cl)C2(C)C)c(F)c1F,537,20.653846153846153
COCc1c(F)c(F)c(COC(=O)[C@@H]2[C@@H](C=C(Cl)Cl)C2(C)C)c(F)c1F,537,20.653846153846153
CC(C)=CC1C(C(=O)OCc2coc(Cc3ccccc3)c2)C1(C)C,520,20.8
CC(C)=C[C@@H]1[C@@H](C(=O)OCc2coc(Cc3ccccc3)c2)C1(C)C,520,20.8
CC(C)=C[C@H]1[C@@H](C(=O)OCc2coc(Cc3ccccc3)c2)C1(C)C,520,20.8
Cc1c(F)c(F)c(COC(=O)[C@@H]2[C@H](/C=C(\Cl)C(F)(F)F)C2(C)C)c(F)c1F,593,21.962962962962962
C=CCC1=C(C)C(OC(=O)C2C(C)(C)C2(C)C)CC1=O,553,27.65
COCc1c(F)c(F)c(COC(=O)C2C(C)(C)C2(C)C)c(F)c1F,445,18.541666666666668
CC1(C)C(C(=O)OC(C#N)c2cccc(Oc3ccccc3)c2)C1C(Br)C(Cl)(Cl)Br,653,21.766666666666666
CC1(C)[C@@H](C(Br)C(Br)(Br)Br)[C@H]1C(=O)O[C@H](C#N)c1cccc(Oc2ccccc2)c1,653,21.766666666666666
CC1(C)[C@H](C=C(Cl)Cl)[C@H]1C(=O)OCc1c(F)c(F)cc(F)c1F,500,21.73913043478261
CC(C)C(C(=O)OCc1cccc(Oc2ccccc2)c1)c1ccc(Cl)cc1,332,11.857142857142858
CCOc1ccc(C(C)(C)COCc2cccc(Oc3ccccc3)c2)cc1,315,11.25
CCOc1ccc(C(COCc2cccc(Oc3ccc(Cl)cc3)c2)C(F)(F)F)cc1,385,12.419354838709678
CC(C)(COCc1cccc(Oc2ccccc2)c1)c1ccc(OC(F)(F)Br)cc1,357,11.9
Fc1ccc(CCCC(c2ccc(Cl)cc2)C2CC2)cc1Oc1ccccc1,410,14.642857142857142
CSC(C)C(=NOCc1cccc(Oc2ccccc2)c1)c1ccc(Cl)cc1,323,11.535714285714286
CSCC(=NOCc1cccc(-c2ccccc2)c1C)c1ccc(Cl)c(F)c1,296,10.571428571428571
CC(F)c1nc[nH]c(=NCCc2ccc(OC(F)(F)F)cc2)c1Cl,306,12.75
CCOCCc1ccc(OCCN=c2[nH]cnc(CC)c2Cl)c(C)c1C,281,10.807692307692308
CCOCn1c(-c2ccc(Cl)cc2)c(C#N)c(Br)c1C(F)(F)F,265,11.521739130434783
CC(c1ccc(C(F)(F)F)nc1)S(C)(=O)=NC#N,296,16.444444444444443
CCOC(=O)OC1=C(c2cc(C)ccc2C)C(O)=N[C@]12CC[C@@H](OC)CC2,672,24.88888888888889
Cc1cc(C)c(C2=C(OC(=O)CC(C)(C)C)C3(CCCC3)OC2=O)c(C)c1,512,18.962962962962962
N#C/C(C(=O)c1ccccc1Cl)=C1/NC(c2ccccc2)=CS1,354,15.391304347826088
CC(C)c1cc(Oc2ccccc2)cc(C(C)C)c1N=C(S)NC(C)(C)C,314,11.62962962962963
OC(=Nc1ccc(Cl)c(C(F)(F)F)c1)Nc1ccc(Cl)c(C(F)(F)F)c1,312,12.0
O=S(=O)(O)c1cc(Cl)ccc1Oc1ccc(Cl)cc1NC(O)=Nc1ccc(Cl)c(Cl)c1,345,11.129032258064516
Cc1ccc[n+]2c([O-])c(-c3cc(Cl)cc(Cl)c3)c(=O)n(Cc3cnc(Cl)s3)c12,316,11.285714285714286
O=c1c(-c2cccc(C(F)(F)F)c2)c([O-])[n+]2ccccc2n1Cc1cncnc1,339,11.689655172413794
C[C@]12Oc3cc(-c4cccnc4)oc(=O)c3[C@H](O)[C@@H]1[C@@]1(C)CC[C@H](OC(=O)C3CC3)[C@@](C)(COC(=O)C3CC3)[C@@H]1C[C@@H]2O,1639,38.116279069767444
O=C(NCC(O)=NCC(F)(F)F)c1ccc(C2=NOC(c3cc(Cl)cc(C(F)(F)F)c3)(C(F)(F)F)C2)c2ccccc12,736,17.523809523809526
Cc1cc(C(C#N)c2ccc(Cl)cc2)c(Cl)cc1NC(=O)c1cc(I)cc(I)c1O,348,11.6
C/C=C/C(=O)N(CC)c1ccccc1C,159,10.6
CCOC(=S)SSC(=S)OCC,110,9.166666666666666
O=C(Oc1ccccc1)n1c(C(F)(F)F)nc2cc(Cl)c(Cl)cc21,281,11.708333333333334
Cn1c(O)c(C(=O)Nc2ccc(Cl)c(Cl)c2)c(=O)n(C)c1=O,232,10.545454545454545
CCc1nc2cc(C)c(Oc3ccc(OC(F)(F)F)cc3)cc2c(OC(=O)OC)c1C,351,11.32258064516129
N#CCN=C(O)c1cnccc1C(F)(F)F,170,10.625
CON=C1CCC(C(C#N)S(=O)(=O)CCC(F)(F)F)CC1,397,18.904761904761905
O=C1C=C(N(Cc2ccc(Cl)nc2)CC(F)F)CO1,276,14.526315789473685
Cc1cc(C2=NOC(c3cc(Cl)cc(Cl)c3)(C(F)(F)F)C2)ccc1C(=O)NCC(O)=NCC(F)(F)F,643,17.86111111111111
CONC=NC(=O)c1ccc(C2=NOC(c3cc(Cl)cc(Cl)c3)(C(F)(F)F)C2)cc1C,565,18.225806451612904
CC1(C)CN=C(NN=C(C=Cc2ccc(C(F)(F)F)cc2)C=Cc2ccc(C(F)(F)F)cc2)NC1,534,15.257142857142858
CC(C)OC(=O)C(C(=O)OC(C)C)=C1SCCS1,272,15.11111111111111
CCC(C)=NN=C(c1ccc(Cl)cc1)c1ccc(OS(C)(=O)=O)cc1,272,10.88
CC(C)(C)c1cc(C=C(C#N)C#N)cc(C(C)(C)C)c1O,240,11.428571428571429
N#Cc1ccc(C/C(=N\N=C(O)Nc2ccc(OC(F)(F)F)cc2)c2cccc(C(F)(F)F)c2)cc1,431,11.972222222222221
Nc1c(N=C(O)C(F)(F)C(F)F)cc(C(F)(F)F)cc1[N+](=O)[O-],284,12.347826086956522
CC(=O)OC(c1ccc(Cl)c(Cl)c1)C(Cl)(Cl)Cl,226,13.294117647058824
CC(C)(C)c1ccc(CSc2cnn(C(C)(C)C)c(=O)c2Cl)cc1,299,12.458333333333334
FC(F)(F)c1ccc(OCCCOc2c(Cl)cc(OCC=C(Cl)Cl)cc2Cl)nc1,323,11.137931034482758
CC(=O)N1C(=O)N(NCc2cccnc2)Cc2cc(C(F)(C(F)(F)F)C(F)(F)F)ccc21,482,15.0625
OC(=Nc1ccc(Oc2ccc(Cl)cc2)c(Cl)c1)c1cc(I)cc(I)c1O,284,10.518518518518519
Clc1ccc(-c2cc(-c3ccccc3)c(-c3ccccc3)s2)cc1,257,10.708333333333334
CCOC(=O)CSc1nc(C(C)(C)C)nn1C(=O)N(C)C,238,11.333333333333334
C=CCN(CC=C)C(=O)CCl,97,8.818181818181818
CC(C)c1nn(C(O)=NC(C)(C)C)c(=O)n1N,202,11.882352941176471
CCC(Oc1ccc(F)c(C(F)(F)F)c1)C(O)=NCc1ccccc1,313,12.52
O=C(O)CON=C(O)c1ccccc1,128,9.142857142857142
Cc1cc(C)cc(C(=O)N(Cc2ccccc2)C(C)C)c1,225,10.714285714285714
CC(C)(N=C(O)C(Br)C(C)(C)C)c1ccccc1,254,14.11111111111111
CCN(CC)C(=O)n1cnc(S(=O)(=O)c2c(C)cc(C)cc2C)n1,277,11.541666666666666
CCN(CC)C(=O)CCl,83,9.222222222222221
CC(C)(CCl)c1nnc(N=C(O)C2CC2)s1,259,16.1875
COCC(C)N(C(=O)CCl)c1c(C)csc1C,213,12.529411764705882
COC[C@H](C)N(C(=O)CCl)c1c(C)csc1C,213,12.529411764705882
CN(C)C(=O)C(c1ccccc1)c1ccccc1,187,10.38888888888889
CCCN(CC)C(=O)n1cnc(S(=O)(=O)CCC)n1,219,11.526315789473685
CCN=C(O)C(C)Oc1cc(Oc2ccc(Cl)cc2Cl)ccc1[N+](=O)[O-],300,11.538461538461538
CCN(C(=O)n1nnn(-c2ccccc2Cl)c1=O)C1CCCCC1,370,15.416666666666666
COc1nn(C(O)=NS(=O)(=O)c2ccccc2OC(F)(F)F)c(=O)n1C,309,11.884615384615385
NC(=O)c1nc(-c2ccccc2)n(-c2ccc(Cl)c(COCC(F)(F)C(F)(F)F)c2)n1,378,12.193548387096774
CS(=O)(=O)N=C(O)c1cc(Oc2ccc(C(F)(F)F)cc2Cl)ccc1[N+](=O)[O-],329,11.75
CCS(=O)(=O)N=C(O)c1cc(Oc2c(F)cc(C(F)(F)F)cc2Cl)ccc1[N+](=O)[O-],354,11.8
CN(C(=O)CNCP(=O)(O)O)S(C)(=O)=O,188,12.533333333333333
CC(C)CN=C(O)N1CCN=C1O,211,16.23076923076923
CCC(C)(CC)c1cc(NC(=O)c2c(OC)cccc2OC)on1,269,11.208333333333334
CCN(CC)C(=O)C(C)Oc1cccc2ccccc12,243,12.15
CCN(CC)C(=O)[C@@H](C)Oc1cccc2ccccc12,243,12.15
O=C(O)c1ccccc1C(O)=Nc1cccc2ccccc12,228,10.363636363636363
CCOCCN(C(=O)CCl)C(=C(C)C)c1ccccc1,204,10.2
C#CC(C)(C)N=C(O)c1cc(Cl)cc(Cl)c1,171,10.6875
O=C1C(Cl)=C(N=C(O)C(Cl)Cl)C(=O)c2ccccc21,280,14.736842105263158
CC(C)N(C)S(=O)(=O)N=C(O)c1cc(-n2c(=O)cc(C(F)(F)F)n(C)c2=O)c(F)cc1Cl,399,12.46875
CC(C)N(Cc1ccccc1)C(=O)C(C)(C)C,198,11.647058823529411
COC(=O)CCN=C(O)C(C)Sc1cc(-n2c(=O)cc(C(F)(F)F)n(C)c2=O)c(F)cc1Cl,408,12.363636363636363
C=C(C)C(O)=Nc1ccc(Cl)c(Cl)c1,135,9.642857142857142
Cc1c(Cl)ccc(OC(C)C(O)=Nc2ccccc2)c1Cl,248,11.80952380952381
OC(=Nc1ccc(Cl)c(Cl)c1)C1CC1,214,15.285714285714286
O=C(Nc1ccc(F)cc1F)c1cccnc1Oc1cccc(C(F)(F)F)c1,313,11.178571428571429
CCCC(C)C(O)=Nc1ccc(Cl)c(Cl)c1,196,12.25
CCOCOc1ccc(C(=O)Nc2cccc(Cl)c2Cl)cc1,227,10.318181818181818
COC(O)=NS(=O)(=O)c1ccc(NC(=O)COc2ccc(Cl)cc2C)cc1,291,10.777777777777779
CC(C)N(C(=O)COc1nnc(C(F)(F)F)s1)c1ccc(F)cc1,279,11.625
O=C(Nc1ccccc1)c1cccnc1Oc1cccc(C(F)(F)F)c1,287,11.038461538461538
CC(C)N(C(=O)n1cnn(-c2ccc(Cl)cc2Cl)c1=O)c1ccc(F)cc1F,311,11.107142857142858
CN(C(=O)COc1nc2ccccc2s1)c1ccccc1,221,10.523809523809524
CC(O)=Nc1cc(NS(=O)(=O)C(F)(F)F)c(C)cc1C,242,12.1
C[C@@H](Oc1ccc(Oc2nc3ccc(Cl)cc3o2)cc1)C(=O)N(C)c1ccccc1F,368,11.870967741935484
CCCC(C)(C)C(=O)Nc1ccc(Cl)cc1,180,11.25
CC(Oc1ccc2ccccc2c1)C(O)=Nc1ccccc1,261,11.863636363636363
CCCC(C)C(O)=Nc1ccc(C)c(Cl)c1,196,12.25
OC(=Nc1ccc(F)cc1)c1cccc(Oc2cccc(C(F)(F)F)c2)n1,300,11.11111111111111
CCC(O)=Nc1ccc(Cl)c(Cl)c1,127,9.76923076923077
Cc1nn(-c2cc(NS(C)(=O)=O)c(Cl)cc2Cl)c(=O)n1C(F)F,275,11.956521739130435
COc1nc(OC)nc(C(=O)c2cccc(F)c2N(C)S(=O)(=O)C(F)F)n1,307,11.37037037037037
CC(C(=O)O)N(C(=O)c1ccccc1)c1ccc(Cl)c(Cl)c1,259,11.772727272727273
CC(C(=O)O)N(C(=O)c1ccccc1)c1ccc(F)c(Cl)c1,259,11.772727272727273
C[C@H](C(=O)O)N(C(=O)c1ccccc1)c1ccc(F)c(Cl)c1,259,11.772727272727273
CCOCN(C(=O)CCl)c1c(C)cccc1CC,188,10.444444444444445
CCc1cccc(CC)c1N(COC)C(=O)CCl,188,10.444444444444445
CCc1cccc(CC)c1N(CN=C(C)O)C(=O)CCl,204,10.2
CCCCOCN(C(=O)CCl)c1c(CC)cccc1CC,224,10.666666666666666
C/C=C\COCN(C(=O)CCl)c1c(CC)cccc1CC,232,11.047619047619047
Cc1cccc(C)c1N(COCC(C)C)C(=O)CCl,206,10.842105263157896
COCCN(C(=O)CCl)c1c(C)cccc1C,176,10.352941176470589
CCOCN(C(=O)CCl)c1ccccc1CC,175,10.294117647058824
CCc1ccccc1N(C(=O)CCl)C(C)C,169,10.5625
Cc1cccc(C)c1N(Cn1cccn1)C(=O)CCl,199,10.473684210526315
CCc1cccc(C)c1N(C(=O)CCl)C(C)COC,233,12.263157894736842
CCc1cccc(C)c1N(C(=O)CCl)[C@@H](C)COC,233,12.263157894736842
CCCOCCN(C(=O)CCl)c1c(CC)cccc1CC,224,10.666666666666666
CC(C)N(C(=O)CCl)c1ccccc1,144,10.285714285714286
CCc1cccc(C)c1N(COC(C)C)C(=O)CCl,206,10.842105263157896
C#CC(C)N(C(=O)CCl)c1ccccc1,173,11.533333333333333
CCCCOCN(C(=O)CCl)c1c(C)cccc1C(C)(C)C,254,11.545454545454545
COc1ccsc1CN(C(=O)CCl)c1c(C)cccc1C,220,10.476190476190476
Cc1cccc(N(C(=O)CCl)C(C)C)c1C,170,10.625
CCSc1ccc(NS(C)(=O)=O)c(C(F)(F)F)c1,225,12.5
CCOc1nc(F)cc2nc(S(=O)(=O)Nc3c(Cl)cccc3C(=O)O)nn12,311,11.518518518518519
CCOc1nc(F)cc2nc(S(=O)(=O)Nc3c(Cl)cccc3Cl)nn12,292,11.68
COc1ncc(F)c2nc(S(=O)(=O)Nc3c(F)cccc3F)nn12,280,11.666666666666666
Cc1ccn2nc(S(=O)(=O)Nc3c(F)cccc3F)nc2n1,259,11.772727272727273
COc1cc(OC)n2nc(S(=O)(=O)Nc3c(Cl)ccc(C)c3Cl)nc2n1,301,11.576923076923077
Cc1cc(S(=O)(=O)c2ccccc2)ccc1NS(=O)(=O)C(F)(F)F,308,12.833333333333334
O=C1[C@H]2C[C@H](F)CN2C(=O)N1c1cc(NS(=O)(=O)CCl)c(Cl)cc1F,584,23.36
COCc1cccc(C(O)c2nc(OC)cc(OC)n2)c1NS(=O)(=O)C(F)F,355,12.678571428571429
COC(O)=NS(=O)(=O)c1ccc(N)cc1,161,10.733333333333333
COC(=O)Nc1ccc(S(=O)(=O)N=C(O)OC)cc1,198,10.421052631578947
CCCN(CCC)c1c([N+](=O)[O-])cc(S(N)(=O)=O)cc1[N+](=O)[O-],259,11.26086956521739
COc1cnc(OC)n2nc(NS(=O)(=O)c3c(OCC(F)F)cccc3C(F)(F)F)nc12,392,12.25
COc1cc(OC)n2[nH]c(=NS(=O)(=O)c3c(C(F)(F)F)ccnc3OC)nc2n1,350,12.068965517241379
CCS(=O)(=O)Nc1cc(-n2nc(C(F)(F)F)n(C)c2=O)c(F)cc1C(=N)S,331,12.25925925925926
N=C(S)c1c(Cl)cccc1Cl,107,9.727272727272727
COc1c(Cl)ccc(Cl)c1C(=O)OCCN(CCOC(=O)c1c(Cl)ccc(Cl)c1OC)c1ccccc1,390,10.54054054054054
Nc1cc(Cl)cc(C(=O)O)c1Cl,118,9.833333333333334
COc1c(Cl)ccc(Cl)c1C(=O)O,127,9.76923076923077
O=C(O)c1c(Cl)ccc(Cl)c1Cl,119,9.916666666666666
COc1c(Cl)cc(Cl)c(Cl)c1C(=O)O,140,10.0
COc1cc(OC)nc(Oc2cccc(Oc3nc(OC)cc(OC)n3)c2C(=O)O)n1,316,10.193548387096774
CON=C(C)c1cccc(Oc2nc(OC)cc(OC)n2)c1C(=O)O,248,9.92
COc1cc(OC)nc(Sc2cccc(Cl)c2C(=O)O)n1,215,10.238095238095237
O=C(O)c1c(Cl)c(Cl)c(C(=O)O)c(Cl)c1Cl,164,10.25
Nc1cc(Cl)nc(C(=O)O)c1Cl,118,9.833333333333334
O=C(O)c1nc(Cl)ccc1Cl,106,9.636363636363637
COc1c(Cl)ccc(-c2nc(C(=O)O)c(Cl)c(N)c2F)c1F,233,10.590909090909092
COc1c(Cl)ccc(-c2cc(N)c(Cl)c(C(=O)O)n2)c1F,220,10.476190476190476
Nc1c(Cl)c(Cl)nc(C(=O)O)c1Cl,131,10.076923076923077
O=C(O)c1c(Cl)ccc2cc(Cl)cnc12,158,10.533333333333333
Cc1cnc2c(C(=O)O)c(Cl)ccc2c1,158,10.533333333333333
COc1ccc(-n2c(=O)c(C(=O)C3C(=O)CCCC3=O)nc3c(Cl)cccc32)cc1,446,14.866666666666667
Cc1cc(C(=O)[C-]2C(=O)CCCC2=O)c(C)c2c1S(=O)(=O)CCC21OCCO1,648,23.142857142857142
CS(=O)(=O)c1ccc(C(=O)C2=C(O)CCCC2=O)c(Cl)c1OCCC1OCCO1,532,18.344827586206897
CS(=O)(=O)c1ccc(C(=O)C2C(=O)CCCC2=O)c([N+](=O)[O-])c1,377,16.391304347826086
CS(=O)(=O)c1ccc(C(=O)C2C(=O)CCCC2=O)c(Cl)c1,358,17.047619047619047
CS(=O)(=O)c1ccc(C(=O)C2C(=O)CCCC2=O)c(Cl)c1COCC1CCCO1,608,20.96551724137931
CS(=O)(=O)c1ccc(C(=O)C2C(=O)CCCC2=O)c(Cl)c1COCC(F)(F)F,461,16.464285714285715
CCS(=O)(=O)Oc1ccc2c(c1)C(C)(C)CO2,295,17.352941176470587
CCOC1Oc2ccc(OS(C)(=O)=O)cc2C1(C)C,394,20.736842105263158
O=C(O)Cn1c(=O)sc2cccc(Cl)c21,161,10.733333333333333
CN=C(O)Nc1nc2ccccc2s1,141,10.071428571428571
CC(Oc1ccc(Oc2nc3ccc(Cl)cc3s2)cc1)C(=O)O,278,12.08695652173913
CN=C(O)N(C)c1nc2ccccc2s1,154,10.266666666666667
COC(=O)N=c1cc(C(C)(C)C)o[nH]1,156,11.142857142857142
CCC(CCl)N=C(O)Oc1cccc(N=C(O)OC)c1,227,11.35
CN=C(O)OCc1ccc(Cl)c(Cl)c1,135,9.642857142857142
CN(C)C(O)=Nc1cccc(OC(O)=NC(C)(C)C)c1,213,10.65
CN=C(O)Oc1c(C(C)(C)C)cc(C)cc1C(C)(C)C,244,12.2
OC(=Nc1cccc(Cl)c1)OCC#CCCl,142,8.875
CCC(C)OC(O)=Nc1cccc(Cl)c1,179,11.933333333333334
CCN=C(O)[C@@H](C)OC(O)=Nc1ccccc1,194,11.411764705882353
OC(=Nc1cccc(Cl)c1)OCCCl,134,9.571428571428571
C#CC(C)OC(O)=Nc1cccc(Cl)c1,169,11.266666666666667
CC(C)OC(O)=Nc1cccc(Cl)c1,140,10.0
CC(CCl)OC(O)=Nc1cccc(Cl)c1,179,11.933333333333334
CCOC(O)=Nc1cccc(OC(O)=Nc2ccccc2)c1,213,9.681818181818182
CCN(C(=O)Oc1cccc(N=C(O)OC(C)C)c1)c1ccccc1,256,10.24
COC(O)=Nc1cccc(OC(O)=Nc2cccc(C)c2)c1,214,9.727272727272727
CCOC(O)=Nc1cccc(OC(O)=Nc2cccc(C)c2)c1,226,9.826086956521738
CC(C)OC(O)=Nc1ccccc1,127,9.76923076923077
COC(O)=Nc1ccc(Cl)c(Cl)c1,123,9.461538461538462
N#Cc1cc(Br)c(OC(=O)OCC2CCCO2)c(Br)c1,351,17.55
CCC(C)c1cc([N+](=O)[O-])cc([N+](=O)[O-])c1OC(=O)Oc1ccc([N+](=O)[O-])cc1[N+](=O)[O-],362,11.3125
C=CCOC(=O)Oc1c(I)cc(C#N)cc1I,157,9.235294117647058
CCn1ncc(C(=O)c2ccc(S(C)(=O)=O)c(OCCOC)c2C)c1OC(C)OC(=O)OC,402,12.181818181818182
C=CCO/N=C(\CCC)C1=C(O)CC(C)(C)C(C(=O)OC)C1=O,486,21.130434782608695
CCCC(=O)c1c(C)cc(C)c(C2CC(=O)C(C(CC)=NOCC)=C(O)C2)c1C,486,16.75862068965517
CCSC(C)CC1CC(=O)C(C(CC)=NOC/C=C/Cl)=C(O)C1,460,20.0
CCCC(=NOCC=CCl)C1=C(O)CC(CC(C)SCC)CC1=O,456,19.0
CCCC(=NOCC)C1=C(O)CC(C2CCCSC2)CC1=O,572,26.0
CCCC(=NOCC(C)Oc1ccc(Cl)cc1)C1=C(O)CC(C2CCCSC2)CC1=O,705,22.741935483870968
CCCC(=NOCC)C1=C(O)CC(CC(C)SCC)CC1=O,440,20.0
CCC(=NOC/C=C/Cl)C1=C(O)CC(C2CCOCC2)CC1=O,538,23.391304347826086
CCON=C(CC)C1=C(O)CC(c2c(C)cc(C)cc2C)CC1=O,429,17.875
CS(=O)(=O)c1cc(Cl)ccc1C(=O)c1cnoc1C1CC1,318,15.142857142857142
CS(=O)(=O)c1cc(C(F)(F)F)ccc1C(=O)c1cnoc1C1CC1,372,15.5
CCOC(=O)/C(Cl)=C/c1cc(N2C(=O)C3=C(CCCC3)C2=O)ccc1Cl,459,17.653846153846153
CN1OCC(=O)N(c2cccc(C(F)(F)F)c2)C1=O,324,17.05263157894737
O=C(O)COc1cc(N2C(=O)C3=C(CCCC3)C2=O)c(F)cc1Cl,416,17.333333333333332
C#CCN1C(=O)COc2cc(F)c(N3C(=O)C4=C(CCCC4)C3=O)cc21,502,19.307692307692307
C#CC(C)Oc1cc(N2C(=O)C3=C(CCCC3)C2=O)c(F)cc1Cl,444,18.5
CCCCN(CC)c1c([N+](=O)[O-])cc(C(F)(F)F)cc1[N+](=O)[O-],261,11.347826086956522
CCC(C)Nc1c([N+](=O)[O-])cc(C(C)(C)C)cc1[N+](=O)[O-],269,12.80952380952381
Cc1cc([N+](=O)[O-])c(N(CCCl)CCCl)c([N+](=O)[O-])c1,207,10.35
CCN(CC)c1c([N+](=O)[O-])cc(C(F)(F)F)c(N)c1[N+](=O)[O-],249,11.318181818181818
CCCN(CCC)c1c([N+](=O)[O-])cc(C)cc1[N+](=O)[O-],207,10.35
C=C(C)CN(CC)c1c([N+](=O)[O-])cc(C(F)(F)F)cc1[N+](=O)[O-],257,11.173913043478262
CCCN(CCCl)c1c([N+](=O)[O-])cc(C(F)(F)F)cc1[N+](=O)[O-],261,11.347826086956522
CCCN(CCC)c1c([N+](=O)[O-])cc(C(C)C)cc1[N+](=O)[O-],237,10.772727272727273
C=C(C)CN(CCC)c1c([N+](=O)[O-])cc(C(F)(F)F)cc1[N+](=O)[O-],269,11.208333333333334
CCCN(CCC)c1c([N+](=O)[O-])cc(S(C)(=O)=O)cc1[N+](=O)[O-],259,11.26086956521739
CCC(CC)Nc1c([N+](=O)[O-])cc(C)c(C)c1[N+](=O)[O-],213,10.65
CCCN(CCC)c1c([N+](=O)[O-])cc(C(F)(F)F)c(N)c1[N+](=O)[O-],273,11.375
CCCN(CC1CC1)c1c([N+](=O)[O-])cc(C(F)(F)F)cc1[N+](=O)[O-],348,14.5
CCCN(CCC)c1c([N+](=O)[O-])cc(C(F)(F)F)cc1[N+](=O)[O-],261,11.347826086956522
CCC(C)c1cc([N+](=O)[O-])cc([N+](=O)[O-])c1O,206,12.117647058823529
CC(C)(C)c1cc([N+](=O)[O-])cc([N+](=O)[O-])c1O,191,11.235294117647058
CCOCc1cc([N+](=O)[O-])cc([N+](=O)[O-])c1O,173,10.176470588235293
Cc1c([N+](=O)[O-])cc(C(C)(C)C)c(O)c1[N+](=O)[O-],204,11.333333333333334
C[C@H](OC(=O)c1cc(Oc2ccc(C(F)(F)F)cc2Cl)ccc1Cl)C(=O)O,334,12.37037037037037
O=C(O)c1cc(Oc2ccc(C(F)(F)F)cc2Cl)ccc1[N+](=O)[O-],268,11.166666666666666
Nc1c([N+](=O)[O-])ccc(Oc2ccccc2)c1Cl,181,10.055555555555555
COC(=O)c1cc(Oc2ccc(Cl)cc2Cl)ccc1[N+](=O)[O-],223,10.136363636363637
COc1cc(Oc2ccc(Cl)cc2Cl)ccc1[N+](=O)[O-],203,10.15
O=[N+]([O-])c1ccc(Oc2c(Cl)cc(Cl)cc2Cl)cc1,195,10.263157894736842
O=[N+]([O-])c1ccc(Oc2ccc(C(F)(F)F)cc2[N+](=O)[O-])cc1,255,11.08695652173913
O=C(O)COC(=O)c1cc(Oc2ccc(C(F)(F)F)cc2Cl)ccc1[N+](=O)[O-],308,11.0
O=[N+]([O-])c1ccc(Oc2c(F)cc(Cl)cc2Cl)cc1,195,10.263157894736842
COCC(=NOCC(=O)OC)c1cc(Oc2ccc(C(F)(F)F)cc2Cl)ccc1[N+](=O)[O-],350,10.9375
O=[N+]([O-])c1ccc(Oc2ccc(C(F)(F)F)cc2Cl)cc1OC1CCOC1,458,16.962962962962962
CCOC(=O)C(C)OC(=O)c1cc(Oc2ccc(C(F)(F)F)cc2Cl)ccc1[N+](=O)[O-],374,12.064516129032258
O=[N+]([O-])c1ccc(Oc2ccc(Cl)cc2Cl)cc1,182,10.11111111111111
O=[N+]([O-])c1ccc(Oc2ccc(C(F)(F)F)cc2Cl)cc1,236,11.238095238095237
CCOc1cc(Oc2ccc(C(F)(F)F)cc2Cl)ccc1[N+](=O)[O-],269,11.208333333333334
CN1CSC(=S)N(C)C1,206,22.88888888888889
O=C(O)/C(Cl)=C(/Cl)C(=O)C(Cl)(Cl)Cl,177,13.615384615384615
O=C(O)C(Cl)(Cl)CCl,91,11.375
CC(Cl)(Cl)C(=O)O,79,11.285714285714286
O=C(O)C(F)(F)C(F)F,109,12.11111111111111
O=C(C(Cl)(Cl)Cl)C(Cl)(Cl)Cl,134,13.4
O=C(O)C(Cl)(Cl)Cl,79,11.285714285714286
Cc1ccc(C(=O)O)c(C2=NC(=O)C(C)(C(C)C)N2)c1,437,21.85
COCc1cnc(C2=NC(=O)C(C)(C(C)C)N2)c(C(=O)O)c1,461,20.954545454545453
Cc1cnc(C2=NC(=O)C(C)(C(C)C)N2)c(C(=O)O)c1,437,21.85
CC(C)C1(C)NC(c2ncccc2C(=O)O)=NC1=O,424,22.31578947368421
CC(C)C1(C)NC(c2nc3ccccc3cc2C(=O)O)=NC1=O,476,20.695652173913043
CCc1cnc(C2=NC(=O)C(C)(C(C)C)N2)c(C(=O)O)c1,449,21.38095238095238
O=S(=O)(O)O,58,11.6
N#Cc1cc(Br)c(O)c(Br)c1,101,9.181818181818182
N#Cc1cc(Cl)c(O)c(Cl)c1,101,9.181818181818182
N#Cc1c(Cl)cccc1Cl,89,8.9
N#Cc1cc(I)c(O)c(I)c1,101,9.181818181818182
C#CCN(C)c1c(C#N)cnn1-c1nn2c(c1Cl)CCCC2,292,13.272727272727273
COP(=S)(NC(C)C)Oc1ccc(C)cc1[N+](=O)[O-],269,14.157894736842104
CCOP(=S)(NC(C)C)Oc1ccc(C)cc1[N+](=O)[O-],281,14.05
COP(=S)(OC)SCC(=O)N(c1ccc(Cl)cc1)C(C)C,246,11.714285714285714
CC(C)OP(=S)(OC(C)C)SCCNS(=O)(=O)c1ccccc1,298,12.956521739130435
C[C@H](N=C(O)[C@H](C)N=C(O)[C@@H](N)CCP(C)(=O)O)C(=O)O,377,17.952380952380953
CCOP(=S)(NC(C)CC)Oc1cc(C)ccc1[N+](=O)[O-],320,15.238095238095237
COP(=O)(OC)C(C)OC(=O)COc1ccc(Cl)cc1Cl,269,12.80952380952381
Clc1ccc(OCCOP(OCCOc2ccc(Cl)cc2Cl)OCCOc2ccc(Cl)cc2Cl)c(Cl)c1,411,11.108108108108109
COP(=S)(NC(C)C)Oc1ccc(Cl)cc1Cl,250,14.705882352941176
CCCCC(CC)CP(=O)(CC(CC)CCCC)OCC,365,17.38095238095238
CCOP(=O)(O)C(=N)O,150,16.666666666666668
CP(=O)(O)CCC(N)C(=O)O,207,18.818181818181817
CP(=O)(O)CC[C@H](N)C(=O)O,207,18.818181818181817
O=C(O)CNCP(=O)(O)O,114,11.4
CCCOP(=S)(OCCC)SCC(=O)N1CCCCC1C,415,19.761904761904763
COP(=S)(NC(C)C)Oc1c(C)cc(C)cc1[N+](=O)[O-],282,14.1
CN(C)C(O)=Nc1ccc(-n2nc(C(C)(C)C)oc2=O)c(Cl)c1,262,11.391304347826088
Cn1c(=O)on(-c2ccc(Cl)c(Cl)c2)c1=O,171,10.6875
C#CCOc1cc(-n2nc(C(C)(C)C)oc2=O)c(Cl)cc1Cl,248,11.272727272727273
CC(C)Oc1cc(-n2nc(C(C)(C)C)oc2=O)c(Cl)cc1Cl,264,12.0
CCOc1cc(Cl)c(CS(=O)(=O)C2=NOC(C)(C)C2)cc1Cl,375,17.045454545454547
CN(C)C(=O)N=c1cc(C(C)(C)C)o[nH]1,169,11.266666666666667
Cc1ccsc1C1=NOC(C)(COCc2c(F)cccc2F)C1,470,20.434782608695652
CN=C(O)N=c1cc(C(C)(C)C)o[nH]1,156,11.142857142857142
Cn1nc(C(F)(F)F)c(CS(=O)(=O)C2=NOC(C)(C)C2)c1OC(F)F,439,17.56
Cc1c(C(=O)c2cnn(C)c2O)ccc(S(C)(=O)=O)c1C1=NOCC1,357,14.28
O=[N+]([O-])c1ccc(ON=Cc2cc(Br)c(O)c(Br)c2)c([N+](=O)[O-])c1,242,10.083333333333334
O=C(OCCOc1ccc(Cl)cc1Cl)c1ccccc1,202,10.1
CC(/C=C/C(=O)O)Oc1ccc(Oc2ccc(C(F)(F)F)cc2)cc1,320,12.8
O=S(=O)(O)OCCOc1ccc(Cl)cc1Cl,183,11.4375
CC(Cl)(Cl)C(=O)OCCOc1cc(Cl)c(Cl)cc1Cl,214,11.263157894736842
OCCOc1cc(Cl)c(Cl)cc1Cl,132,10.153846153846153
CC(C)=NOC(=O)[C@@H](C)Oc1ccc(Oc2ccc(C(F)(F)F)cc2)cc1,326,12.074074074074074
O=C(O)COc1ccc(Cl)cc1,113,9.416666666666666
O=C(O)COc1ccc(Cl)cc1Cl,126,9.692307692307692
O=C(O)COc1ccc(Cl)c(Cl)c1,126,9.692307692307692
Cc1cc(Cl)ccc1OCC(=O)O,126,9.692307692307692
CCSC(=O)COc1ccc(Cl)cc1C,151,10.066666666666666
O=C(O)COc1cc(Cl)c(Cl)cc1Cl,139,9.928571428571429
O=C(O)CCCOc1ccc(Cl)cc1,137,9.785714285714286
O=C(O)CCCOc1ccc(Cl)cc1Cl,150,10.0
O=C(O)CCCOc1ccc(Cl)c(Cl)c1,150,10.0
Cc1cc(Cl)ccc1OCCCC(=O)O,150,10.0
O=C(O)CCCOc1cc(Cl)c(Cl)cc1Cl,163,10.1875
CC(Oc1cccc(Cl)c1)C(=O)O,158,12.153846153846153
CC(Oc1ccc(Cl)cc1)C(=O)O,158,12.153846153846153
CC(Oc1ccc(Cl)cc1Cl)C(=O)O,171,12.214285714285714
C[C@@H](Oc1ccc(Cl)cc1Cl)C(=O)O,171,12.214285714285714
CC(C(=O)O)c1ccc(Cl)c(Cl)c1,163,12.538461538461538
CC(Oc1cc(Cl)c(Cl)cc1Cl)C(=O)O,184,12.266666666666667
Cc1cc(Cl)ccc1OC(C)C(=O)O,171,12.214285714285714
Cc1cc(Cl)ccc1O[C@H](C)C(=O)O,171,12.214285714285714
CC(Oc1ccc(Oc2ncc(Cl)cc2Cl)cc1)C(=O)O,247,11.761904761904763
C[C@@H](Oc1ccc(Oc2ncc(Cl)cc2F)cc1)C(=O)O,247,11.761904761904763
CC(Oc1ccc(Oc2ccc(Cl)cc2)cc1)C(=O)O,234,11.7
C[C@@H](Oc1ccc(Oc2ccc(C#N)cc2F)cc1)C(=O)O,249,11.318181818181818
CC(Oc1ccc(Oc2ccc(Cl)cc2Cl)cc1)C(=O)O,247,11.761904761904763
CC(Oc1ccc(Oc2nc3ccc(Cl)cc3o2)cc1)C(=O)O,278,12.08695652173913
C[C@@H](Oc1ccc(Oc2nc3ccc(Cl)cc3o2)cc1)C(=O)O,278,12.08695652173913
CC(Oc1ccc(Oc2ccc(C(F)(F)F)cn2)cc1)C(=O)O,288,12.521739130434783
C[C@@H](Oc1ccc(Oc2ccc(C(F)(F)F)cn2)cc1)C(=O)O,288,12.521739130434783
CC(Oc1ccc(Oc2ncc(C(F)(F)F)cc2Cl)cc1)C(=O)O,301,12.541666666666666
C[C@@H](Oc1ccc(Oc2ncc(C(F)(F)F)cc2Cl)cc1)C(=O)O,301,12.541666666666666
CC(Oc1ccc(Oc2ncc(Cl)cc2Cl)cc1)C(=O)N1CCCO1,377,15.08
C=C(C)C(OC(=O)C(C)Oc1ccc(Oc2cnc3cc(Cl)ccc3n2)cc1)C(=O)OCC,412,12.484848484848484
CC(C)=NOCCOC(=O)[C@@H](C)Oc1ccc(Oc2cnc3cc(Cl)ccc3n2)cc1,356,11.483870967741936
CC(Oc1ccc(Oc2cnc3cc(Cl)ccc3n2)cc1)C(=O)O,286,11.916666666666666
C[C@@H](Oc1ccc(Oc2cnc3cc(Cl)ccc3n2)cc1)C(=O)O,286,11.916666666666666
CC(Oc1ccc(Oc2ccc(C(F)(F)F)cc2)cc1)C(=O)O,288,12.521739130434783
COc1cc(OC)nc(N=C(O)NS(=O)(=O)c2c(-c3nnn(C)n3)cnn2C)n1,324,11.172413793103448
Cn1c(-c2ccccc2)cc(-c2ccccc2)[n+]1C,202,10.631578947368421
COc1cc(OC)nc(N=C(O)NS(=O)(=O)c2c(C(=O)O)c(Cl)nn2C)n1,296,10.962962962962964
COc1cc(OC)nc(N=C(O)NS(=O)(=O)c2c(C3=NOCC(C)O3)c(Cl)nn2C)n1,493,15.903225806451612
COc1cc(OC)nc(N=C(O)NS(=O)(=O)c2c(C(=O)O)cnn2C)n1,283,10.884615384615385
Cc1ccc(C(=O)COc2c(C(=O)c3ccc(Cl)c(C)c3Cl)c(C)nn2C)cc1,314,10.827586206896552
Cc1nn(C)c(O)c1C(=O)c1ccc(C(F)(F)F)cc1S(C)(=O)=O,298,12.416666666666666
Cc1ccc(S(=O)(=O)Oc2c(C(=O)c3ccc(Cl)cc3Cl)c(C)nn2C)cc1,321,11.464285714285714
Cc1nn(C)c(OCC(=O)c2ccccc2)c1C(=O)c1ccc(Cl)cc1Cl,288,10.666666666666666
CC(C)OC(=O)c1cc(-c2nn(C)c(C(F)(F)F)c2Br)c(F)cc1Cl,298,11.92
Nc1c([N+](=O)[O-])cnn1-c1c(Cl)cc(C(F)(F)F)cc1Cl,245,11.666666666666666
CCc1cc(C)cc(CC)c1-c1c(OC(=O)C(C)(C)C)n2n(c1=O)CCOCC2,418,14.413793103448276
Cn1nc(-c2cc(OCC(=O)O)c(Cl)cc2F)c(Cl)c1OC(F)F,263,10.958333333333334
Cc1ccccc1Oc1cccnn1,137,9.785714285714286
Cc1cccc(C2CC2)c1Oc1nnc(Cl)cc1OC(=O)N1CCOCC1,456,16.88888888888889
Oc1cc(Cl)nnc1-c1ccccc1,141,10.071428571428571
CCCCCCCCSC(=O)Oc1cc(Cl)nnc1-c1ccccc1,266,10.64
Nc1cnn(-c2ccccc2)c(=O)c1Br,153,10.2
Nc1cnn(-c2ccccc2)c(=O)c1Cl,153,10.2
COc1cnn(-c2ccccc2)c(=O)c1OC,170,10.0
Cc1c(C(F)(F)F)cnn(-c2cc(OCC(=O)O)c(Cl)cc2F)c1=O,286,11.44
CN(C)c1cnn(-c2cccc(C(F)(F)F)c2)c(=O)c1Cl,242,11.523809523809524
CNc1cnn(-c2cccc(C(F)(F)F)c2)c(=O)c1Cl,229,11.45
O=C(O)C(=O)Nc1cnn(-c2ccccc2)c(=O)c1Br,201,10.05
O=C(O)CC1(O)CC(O)=NN=C1O,361,27.76923076923077
CC(=O)Oc1c(I)cnc(Cl)c1I,128,9.846153846153847
CSC(=O)c1c(C(F)F)nc(C(F)(F)F)c(C(=O)SC)c1CC(C)C,303,12.12
Nc1c(Cl)c(F)nc(OCC(=O)O)c1Cl,151,10.066666666666666
Oc1c(Cl)c(F)nc(F)c1Cl,112,10.181818181818182
Oc1c(Cl)cnc(Cl)c1Cl,99,9.9
COC(=O)c1c(C(F)F)nc(C(F)(F)F)c(C2=NCCS2)c1CC(C)C,388,14.923076923076923
O=C(O)COc1nc(Cl)c(Cl)cc1Cl,139,9.928571428571429
CC(C)N=c1cc(Cl)[nH]c(=N)[nH]1,124,10.333333333333334
CSc1c(Cl)[nH]c(=N)[nH]c1=N,110,10.0
COc1cc(OC)nc(Oc2ccccc2CNc2ccc(C(=O)OC(C)C)cc2)n1,325,10.483870967741936
CCCOC(=O)c1ccc(NCc2ccccc2Oc2nc(OC)cc(OC)n2)cc1,319,10.290322580645162
C[n+]1ccc(-c2ccccc2)cc1,129,9.923076923076923
CCN(CC)C(=O)C[n+]1ccc(-c2cc[n+](CC(=O)N(CC)CC)cc2)cc1,296,10.571428571428571
c1cc[n+]2c(c1)-c1cccc[n+]1CC2,184,13.142857142857142
CC1COCC(C)N1C(=O)C[n+]1ccc(-c2cc[n+](CC(=O)N3C(C)COCC3C)cc2)cc1,860,25.294117647058822
C[n+]1ccc(-c2cc[n+](C)cc2)cc1,142,10.142857142857142
CCSC(=O)N(CC(C)C)CC(C)C,155,11.071428571428571
CCSC(=O)N(CC)C1CCCCC1,254,18.142857142857142
CC(C)N(C(=O)SCC(Cl)=CCl)C(C)C,160,10.666666666666666
CCCN(CCC)C(=O)SCC,119,9.916666666666666
CCN(C(=O)SCc1ccccc1)C(C)C(C)C,225,12.5
CCSC(=O)N(CC)CC,95,9.5
CC(C)SC(=O)N1CCCCCC1,245,18.846153846153847
CCN(CC)C(=O)SCc1ccc(OC)cc1,171,10.058823529411764
CCSC(=O)N1CCCCCC1,227,18.916666666666668
CCN(CC)C(=O)SCc1ccccc1Cl,163,10.1875
CCCCN(CC)C(=O)SCCC,131,10.076923076923077
CCCN(CCC)C(=O)SCc1ccccc1,174,10.235294117647058
COc1cccc(N(C)C(=S)Oc2cccc(C(C)(C)C)c2)n1,253,11.0
C=C(Cl)CSC(=S)N(CC)CC,115,9.583333333333334
CCN(CC)C(=O)SCc1ccc(Cl)cc1,163,10.1875
CCC(C)N(C(=O)SCc1ccccc1)C(C)CC,264,13.894736842105264
CC(C)N(C(=O)SCC(Cl)=C(Cl)Cl)C(C)C,173,10.8125
CCCSC(=O)N(CCC)CCC,131,10.076923076923077
COC(=S)SSC(=S)OC,86,8.6
CC(C)OC(=S)S,64,9.142857142857142
Cc1cccc(N=C(S)N(C)C)c1,124,9.538461538461538
CCSc1nc(=NC(C)C)[nH]c(=NC(C)C)[nH]1,187,11.0
CC(C)N=c1nc(SC(F)F)[nH]c(=NC(C)C)[nH]1,205,11.38888888888889
Oc1nc(O)nc(O)n1,84,9.333333333333334
CCN=c1nc(Cl)[nH]c(=NC(C)C)[nH]1,145,10.357142857142858
CCN(CC)c1nc(Cl)nc(N(CC)CC)n1,177,10.411764705882353
CCN=c1nc(Cl)nc(NC(C)(C)C#N)[nH]1,171,10.6875
CC(C)N=c1nc(Cl)[nH]c(=NC2CC2)[nH]1,232,15.466666666666667
CCN=c1nc(Cl)[nH]c(=NCC(=O)O)[nH]1,146,9.733333333333333
CCN(CC)c1nc(Cl)nc(=NC(C)C)[nH]1,170,10.625
COCCCN=c1nc(Cl)[nH]c(=NC(C)C)[nH]1,181,10.647058823529411
CC(C)(C#N)Nc1nc(Cl)nc(=NC2CC2)[nH]1,258,15.176470588235293
CC(C)N=c1[nH]c(Cl)nc(=NCC(=O)O)[nH]1,164,10.25
CC(C)N=c1nc(Cl)[nH]c(=NC(C)C)[nH]1,163,10.866666666666667
CCN=c1nc(Cl)[nH]c(=NC(C)CC)[nH]1,184,12.266666666666667
CCN=c1nc(Cl)[nH]c(=NCC)[nH]1,127,9.76923076923077
CCN=c1nc(Cl)nc(NC(C)(C)C)[nH]1,169,11.266666666666667
CCN=c1nc(Cl)nc(N(CC)CC)[nH]1,152,10.133333333333333
Cc1ccc2c(c1)[C@H](N=c1[nH]c(C(C)F)nc(=N)[nH]1)[C@@H](C)C2,472,21.454545454545453
Cc1cc(C)cc(OCC(C)N=c2[nH]c(C(C)(C)F)nc(=N)[nH]2)c1,306,12.75
CCN=c1nc(OC)[nH]c(=NC(C)C)[nH]1,153,10.2
COCCCN=c1nc(OC)[nH]c(=NCCCOC)[nH]1,207,10.35
COc1nc(=NC(C)C)[nH]c(=NC(C)C)[nH]1,171,10.6875
CCN=c1nc(OC)[nH]c(=NC(C)CC)[nH]1,192,12.0
CCN=c1nc(OC)[nH]c(=NCC)[nH]1,135,9.642857142857142
CCN=c1nc(NC(C)(C)C)[nH]c(OC)n1,177,11.0625
CCN=c1nc(SC)[nH]c(=NC(C)C)[nH]1,157,10.466666666666667
CSc1nc(=NC(C)C)nc(N=[N+]=[N-])[nH]1,148,9.866666666666667
CN=c1nc(SC)[nH]c(=NC(C)C)[nH]1,145,10.357142857142858
CCN=c1nc(SC)[nH]c(=NC(C)C(C)C)[nH]1,214,12.588235294117647
COCCCN=c1nc(SC)[nH]c(=NC(C)C)[nH]1,193,10.722222222222221
CSc1nc(=NC(C)C)[nH]c(=NC(C)C)[nH]1,175,10.9375
CCN=c1nc(SC)[nH]c(=NCC)[nH]1,139,9.928571428571429
CCN=c1nc(NC(C)(C)C)[nH]c(SC)n1,181,11.3125
CCSc1nc(=O)n(CC(C)(C)C)c(=O)n1N,200,11.764705882352942
CN(C)c1nnc(C(C)(C)C)c(=O)n1C,174,11.6
CCSc1nnc(C(C)(C)C)c(=O)n1N,176,11.733333333333333
CN(C)c1nc(=O)n(C2CCCCC2)c(=O)n1C,303,16.833333333333332
CSc1nnc(C(C)(C)C)c(=O)n1N=CC(C)C,211,11.722222222222221
Cc1nnc(-c2ccccc2)c(=O)n1N,153,10.2
CSc1nnc(C(C)(C)C)c(=O)n1N,164,11.714285714285714
C#CCN1C(=O)C(F)(F)Oc2cc(F)c(-n3c(=O)n(C)c(=S)n(C)c3=O)cc21,420,15.0
N=c1nc[nH][nH]1,52,8.666666666666666
Cc1nn(-c2cc(CC(Cl)C(=O)O)c(Cl)cc2F)c(=O)n1C(F)F,303,12.625
CCCOc1nn(C(O)=NS(=O)(=O)c2ccccc2C(=O)OC)c(=O)n1C,299,11.074074074074074
COc1nn(C(O)=NS(=O)(=O)c2c(C(=O)O)csc2C)c(=O)n1C,271,11.291666666666666
CCc1ccc(COc2ccc(-n3c(=O)cc(C(F)(F)F)n(C)c3=O)cc2)c(OC(C)C(=O)OC)c1,439,12.194444444444445
CCC(C)n1c(O)nc(C)c(Br)c1=O,180,12.857142857142858
C=CCOC(=O)C(C)(C)OC(=O)c1cc(-n2c(=O)cc(C(F)(F)F)n(C)c2=O)ccc1Cl,375,11.71875
CC(C)OC(=O)c1cc(-n2c(=O)cc(C(F)(F)F)n(C)c2=O)ccc1Cl,304,11.692307692307692
Cc1nc(O)n(C(C)C)c(=O)c1Br,141,10.846153846153847
O=c1c2c(nc(O)n1C1CCCCC1)CCC2,348,20.470588235294116
Cc1nc(O)n(C(C)(C)C)c(=O)c1Cl,165,11.785714285714286
CC(C)(NC(O)=NCc1ccccc1Cl)c1ccccc1,231,11.0
CN(C)C(O)=NC1CCCCCCC1,274,19.571428571428573
OC(=NC(O)C(Cl)(Cl)Cl)NC(O)C(Cl)(Cl)Cl,264,16.5
C/C(=N\NC(O)=Nc1cc(F)cc(F)c1)c1ncccc1C(=O)O,265,11.041666666666666
CN(C)C(O)=NC1CCC2C3CCC(C3)C12,712,44.5
COc1ccc(C(=O)N(C(=O)N(C)C)c2ccc(Cl)c(Cl)c2)cc1,245,10.208333333333334
C#CC(C)N(C)C(=O)Nc1ccc(Cl)cc1,182,11.375
CON(C)C(O)=Nc1ccc(Br)c(Cl)c1,148,9.866666666666667
CCOc1ccc(N=C(O)N(C)C)cc1Cl,156,9.75
Cc1ccc(N=C(O)N(C)C)cc1Cl,136,9.714285714285714
CN(C)C(=O)Nc1ccc(Oc2ccc(Cl)cc2)cc1,199,9.95
Cc1ccc(NC(O)=NC(C)(C)c2ccccc2)cc1,219,10.95
COc1ccc(Oc2ccc(NC(=O)N(C)C)cc2)cc1,207,9.857142857142858
CN(C)C(O)=Nc1ccc(Cl)c(Cl)c1,136,9.714285714285714
CN(C)C(O)=Nc1ccccc1,110,9.166666666666666
CN(C)C(O)=Nc1cccc(C(F)(F)F)c1,177,11.0625
CN(C)C(O)=Nc1ccc(SC(F)(F)Cl)c(Cl)c1,202,11.222222222222221
CC(C)c1ccc(NC(=O)N(C)C)cc1,153,10.2
CON(C)C(O)=Nc1ccc(Cl)c(Cl)c1,148,9.866666666666667
CN(C(O)=NC(C)(C)c1ccccc1)c1ccccc1,219,10.95
CON(C)C(=O)Nc1ccc(Oc2ccc3c(c2)OC(C)(OC)CC3(C)C)cc1,570,19.655172413793103
CON(C)C(=O)Nc1ccc(Br)cc1,135,9.642857142857142
COc1ccc(N=C(O)N(C)C)cc1Cl,144,9.6
CON(C)C(=O)Nc1ccc(Cl)cc1,135,9.642857142857142
CN(C)C(=O)Nc1ccc(Cl)cc1,123,9.461538461538462
CCCCN(C)C(O)=Nc1ccc(Cl)c(Cl)c1,172,10.117647058823529
CN(C)C(=O)Nc1ccc(C(F)(F)F)cc1,177,11.0625
CN(C)C(=O)N(C(=O)c1ccccc1)c1ccc(Cl)c(Cl)c1,224,10.181818181818182
CC1CCCCC1NC(O)=Nc1ccccc1,409,24.058823529411764
CN(C)C(O)=Nc1cccc(OC(F)(F)C(F)F)c1,215,11.31578947368421
OC(=Nc1ccccc1)Nc1cnns1,144,9.6
COc1cc(OC)nc(N=C(O)NS(=O)(=O)N(C)S(C)(=O)=O)n1,273,11.869565217391305
COc1cc(OC)nc(N=C(O)NS(=O)(=O)Cc2ccccc2C(=O)O)n1,290,10.74074074074074
COc1cc(Cl)nc(N=C(O)NS(=O)(=O)c2ccccc2C(=O)O)n1,270,10.8
COc1cc(OC)nc(N=C(O)NS(=O)(=O)Nc2ccccc2C(=O)C2CC2)n1,386,13.310344827586206
CCOc1ccccc1OS(=O)(=O)NC(O)=Nc1nc(OC)cc(OC)n1,287,10.62962962962963
COc1cc(OC)nc(N=C(O)NS(=O)(=O)c2ncccc2C(F)(F)F)n1,313,11.592592592592593
COCC(=O)OC(c1ncccc1S(=O)(=O)NC(O)=Nc1nc(OC)cc(OC)n1)C(C)F,425,12.878787878787879
COc1cc(OC)nc(N=C(O)NS(=O)(=O)c2nc(C(F)(F)F)ccc2C(=O)O)n1,345,11.5
COc1cc(OC)nc(N=C(O)NS(=O)(=O)c2cc(N=CO)ccc2C(=O)N(C)C)n1,328,10.580645161290322
COc1cc(OC)nc(N=C(O)NS(=O)(=O)c2c(Cl)nc3ccccn23)n1,303,11.222222222222221
COc1cc(OC)nc(N=C(O)NS(=O)(=O)c2cc(CNS(C)(=O)=O)ccc2C(=O)O)n1,367,11.46875
COC(=O)c1ccccc1S(=O)(=O)NC(O)=Nc1nc(OC)cc(SC)n1,291,10.777777777777779
Cc1ccnc(N=C(O)NS(=O)(=O)c2ccccc2C(=O)O)n1,249,10.826086956521738
COc1cc(OC)nc(N=C(O)NS(=O)(=O)c2ncccc2C(=O)N(C)C)n1,300,10.714285714285714
COc1cc(OC)nc(N=C(O)NS(=O)(=O)Nc2ccccc2C(=O)N(C)C)n1,308,10.620689655172415
Cc1cc(C)nc(N=C(O)NS(=O)(=O)c2ccccc2C(=O)OC2COC2)n1,394,14.071428571428571
O=C(O)c1ccccc1S(=O)(=O)NC(O)=Nc1nc(OC(F)F)cc(OC(F)F)n1,338,11.266666666666667
CCCc1ccc2nc(Cl)c(S(=O)(=O)NC(O)=Nc3nc(OC)cc(OC)n3)n2n1,340,11.333333333333334
CCS(=O)(=O)c1cccnc1S(=O)(=O)NC(O)=Nc1nc(OC)cc(OC)n1,323,11.535714285714286
Cc1cc(C)nc(N=C(O)NS(=O)(=O)c2ccccc2C(=O)O)n1,262,10.916666666666666
CCS(=O)(=O)c1nc2ccccn2c1S(=O)(=O)NC(O)=Nc1nc(OC)cc(OC)n1,367,11.838709677419354
COc1cc(OC)nc(N=C(O)NS(=O)(=O)c2ncccc2OCC(F)(F)F)n1,333,11.482758620689655
COC(=O)c1cnn(-c2ccccn2)c1S(=O)(=O)NC(O)=Nc1nc(C)cc(C)n1,331,11.033333333333333
COc1nc(C)nc(=NC(O)=NS(=O)(=O)c2ccccc2Cl)[nH]1,251,10.91304347826087
COCCOc1ccccc1S(=O)(=O)N=C(O)N=c1nc(OC)[nH]c(OC)n1,303,10.821428571428571
CCOc1nc(=NC)nc(N=C(O)NS(=O)(=O)c2ccccc2C(=O)O)[nH]1,290,10.74074074074074
COc1nc(C)nc(=NC(O)=NS(=O)(=O)c2cc(I)ccc2C(=O)O)[nH]1,283,10.884615384615385
COc1nc(C)nc(=NC(O)=NS(=O)(=O)c2ccccc2I)[nH]1,251,10.91304347826087
COc1nc(C)nc(=NC(O)=NS(=O)(=O)c2ccccc2C(=O)O)[nH]1,270,10.8
COc1nc(C)nc(=NC(O)=NS(=O)(=O)c2ccccc2CCC(F)(F)F)[nH]1,329,11.75
COc1nc(C)nc(=NC(O)=NS(=O)(=O)c2ccsc2C(=O)O)[nH]1,262,10.916666666666666
COc1nc(C)nc(=NC(O)=NS(=O)(=O)c2ccccc2OCCCl)[nH]1,283,10.884615384615385
COc1nc(C)nc(N(C)C(O)=NS(=O)(=O)c2ccccc2C(=O)O)n1,283,10.884615384615385
Cc1cccc(C(=O)O)c1S(=O)(=O)NC(O)=Nc1nc(OCC(F)(F)F)nc(N(C)C)n1,370,11.5625
COc1nc(C(F)(F)F)nc(=NC(O)=NS(=O)(=O)c2ccccc2C(F)(F)F)[nH]1,359,12.379310344827585
CCCCS(=O)(=O)c1nnc(N(C)C(O)=NC)s1,203,11.277777777777779
CCS(=O)(=O)c1nnc(N(C)C(O)=NC)s1,179,11.1875
CN=C(O)N(C)c1nnc(C(C)(C)C)s1,169,11.266666666666667
CN=C(O)N(C)c1nnc(C(F)(F)F)s1,169,11.266666666666667
N=c1[nH]c(C2CC2)nc(C(=O)O)c1Cl,217,15.5
C#CCOc1cc(-n2nc3n(c2=O)CCCC3)c(Cl)cc1Cl,297,13.5
CC(C)N1C(=O)c2ccccc2NS1(=O)=O,291,18.1875
O=c1oc(-c2ccccc2)nc2ccccc12,180,10.588235294117647
CS(=O)(=O)c1ccc(C(=O)C2=C(Sc3ccccc3)C3CCC(C3)C2=O)c(Cl)c1,624,21.517241379310345
COCCOCc1nc(C(F)(F)F)ccc1C(=O)C1=C(O)C2CCC(C2)C1=O,618,22.071428571428573
CN1CC(O)N(c2nnc(C(C)(C)C)s2)C1=O,365,21.470588235294116
O=C(O)Cc1c(Cl)ccc(Cl)c1Cl,131,10.076923076923077
O=C(O)C(Cl)Cc1ccc(Cl)cc1,162,12.461538461538462
FC(F)(F)c1nc2ccc(Cl)c(Cl)c2[nH]1,185,12.333333333333334
O=C(O)C1(O)c2ccccc2-c2ccc(Cl)cc21,366,20.333333333333332
CC1(C)CON(Cc2ccccc2Cl)C1=O,307,19.1875
CN(C)C(Cl)=Nc1ccc(Cl)c(Cl)c1,137,9.785714285714286
Clc1ccccc1Cl,74,9.25
CC(C)(SC(=O)N1CCCCC1)c1ccccc1,300,16.666666666666668
O=C(O)C1C2CCC(O2)C1C(=O)O,548,42.15384615384615
FC(F)(F)c1nc2cc(Cl)cnc2[nH]1,172,12.285714285714286
Cn1cc(-c2ccccc2)c(=O)c(-c2cccc(C(F)(F)F)c2)c1,276,11.5
O=C1C(Cl)C(CCl)CN1c1cccc(C(F)(F)F)c1,457,24.05263157894737
CNC1=C(c2cccc(C(F)(F)F)c2)C(=O)C(c2ccccc2)O1,428,17.833333333333332
O=C(O)CSc1cc(N=c2sc(=O)n3n2CCCC3)c(F)cc1Cl,326,13.583333333333334
COC(=O)[C@@H](C)Oc1ccc2ccc(Oc3ccc(C(F)(F)F)cc3Cl)cc2c1,362,12.482758620689655
CO[C@H]1/C=C\C=C(/C)C(O)=NC2=CC(=O)C=C(C2=O)[C@H](OC)[C@@H](C)C[C@H](OC)[C@H](OC)[C@@H](C)/C=C(\C)[C@@H]1OC(=N)O,1388,33.853658536585364
CC(C)=NOC(=O)C1Oc2ccccc2Cc2ccccc2O1,306,13.304347826086957
CCC1(CC2(c3cccc(Cl)c3)CO2)C(=O)c2ccccc2C1=O,578,24.083333333333332
COc1ccc(C(=O)c2cccc(C)c2)cc1C,183,10.166666666666666
O=C1C(Cl)=C(Cl)C(Cl)(Cl)C(Cl)(Cl)C1(Cl)Cl,422,28.133333333333333
CC1=C(c2ccccc2)C(=O)N(C(C)(C)c2cc(Cl)cc(Cl)c2)CO1,385,15.4
CCCCCCCCC(=O)O,109,9.909090909090908
CC(C)=C1OC(=O)N(c2cc(OC3CCCC3)c(Cl)cc2F)C1=O,440,18.333333333333332
CCCN(CCC)c1c([N+](=O)[O-])cc(S(=O)(=O)N=S(C)C)cc1[N+](=O)[O-],297,11.423076923076923
COc1cc(OC)nc(Oc2cccc(Oc3nc(OC)cc(OC)n3)c2C(=O)ON=C(c2ccccc2)c2ccccc2)n1,464,10.311111111111112
COc1cc(OC)nc(Sc2cccc3c2C(=O)OC3C)n1,355,16.136363636363637
NC1=C(Cl)C(=O)c2ccccc2C1=O,221,15.785714285714286
CCNc1ccc(SC#N)cc1Cl,121,9.307692307692308
C=C(CC(Cl)(Cl)Cl)c1ccccc1,147,11.307692307692308
C#CCN1C(=O)COc2cc(F)c(/N=c3\snc4n3CC(C)(C)C4)cc21,476,18.307692307692307
Clc1cc(Cl)cc(C2(CC(Cl)(Cl)Cl)CO2)c1,393,24.5625
COC(=Nc1ccc(Cl)cc1)N(C)C,132,9.428571428571429
CCC(=O)c1c(C(C)C)cc2c(c1C)CCC2(C)C,319,16.789473684210527
CC(O)COCc1c(Cl)ccc(Cl)c1Cl,193,12.866666666666667
CCN=C(O)N=C(O)C(C#N)=NOC,113,8.071428571428571
CCCCCCCCCCCCNCCNCCNCC(=O)O,253,11.0
N=C(N)NCCCCCCCCNCCCCCCCCNC(=N)N,264,10.56
Cn1cc(C(O)=Nc2cccc3c2C2CCC3C2=C(Cl)Cl)c(C(F)F)n1,536,20.615384615384617
CCC1(C(O)=NC(C)c2ccc(Cl)cc2)C(C)C1(Cl)Cl,576,28.8
OC=NC(Nc1ccc(Cl)c(Cl)c1)C(Cl)(Cl)Cl,221,13.0
O=C(Cc1ccccc1)N/C(=N\OCC1CC1)c1c(C(F)(F)F)ccc(F)c1F,423,14.586206896551724
C[C@@H](N=C(O)C(C#N)C(C)(C)C)c1ccc(Cl)cc1Cl,285,14.25
CN=C(O)/C(=N/OC)c1ccccc1COc1cc(C)ccc1C,266,11.083333333333334
CN=C(O)/C(=N/OC)c1ccccc1CO/N=C(C)/C=C/c1c(Cl)cccc1Cl,353,12.172413793103448
CC(Oc1ccc(Cl)cc1Cl)C(O)=NC(C)(C#N)C(C)C,314,14.952380952380953
CCN(C)C(=O)c1ccc(C(F)(F)F)cc1-c1ccc(OC)c(OC)c1,291,11.192307692307692
Cc1nn(C)c(Cl)c1C(O)=Nc1cccc2c1C(C)OC2(C)C,432,18.782608695652176
Cc1cc(OC(C)C)ccc1C(=O)C(C)(C)N=C(O)c1sccc1C,287,11.48
CC(C)C1C2CCC1c1c(N=C(O)c3cn(C)nc3C(F)F)cccc12,617,23.73076923076923
CN=C(O)C(OC)c1ccccc1COc1cc(C)ccc1C,272,11.826086956521738
C#CCOc1ccc(CCN=C(O)C(OCC#C)c2ccc(Cl)cc2)cc1OC,320,11.03448275862069
CN=C(O)/C(=N/OC)c1ccccc1Oc1ccccc1,228,10.857142857142858
CN=C(O)/C(=N/OC)c1ccccc1CO/N=C(C)/C(=N/OC)C(/C)=N/OC,366,13.071428571428571
CC(C)CC(C)c1sccc1N=C(O)c1cn(C)nc1C(F)(F)F,320,13.333333333333334
N=C(O)NN=C1C=CC(=O)C=C1,176,14.666666666666666
OC=NC(N1CCN(C(N=CO)C(Cl)(Cl)Cl)CC1)C(Cl)(Cl)Cl,462,21.0
COC(=O)C(C)N(C(=O)Cc1ccccc1)c1c(C)cccc1C,280,11.666666666666666
COC(=O)[C@@H](C)N(C(=O)Cc1ccccc1)c1c(C)cccc1C,280,11.666666666666666
COC(=O)C(C)N(C(=O)c1ccco1)c1c(C)cccc1C,260,11.818181818181818
COCC(=O)N(c1c(C)cccc1C)C(C)C(=O)OC,237,11.85
COCC(=O)N(c1c(C)cccc1C)[C@H](C)C(=O)OC,237,11.85
C=CCCCOC(=O)C(CC)N(Cc1ccco1)C(=O)n1ccnc1,293,11.72
COC(=O)CC(N=C(O)[C@@H](N=C(O)OC(C)C)C(C)C)c1ccc(Cl)cc1,352,13.037037037037036
Cn1cc(C(O)=Nc2ccc(F)cc2-c2ccc(Cl)c(Cl)c2)c(C(F)F)n1,299,11.074074074074074
OC(=Nc1ccccc1-c1ccc(Cl)cc1)c1cccnc1Cl,238,10.347826086956522
CC1=C(C(O)=Nc2ccccc2)SCCO1,249,15.5625
CC1(C(O)=Nc2ccc(O)c(Cl)c2Cl)CCCCC1,343,18.05263157894737
Cn1cc(C(O)=Nc2ccccc2-c2cc(F)c(F)c(F)c2)c(C(F)F)n1,299,11.074074074074074
N#Cc1ccccc1N=C(O)c1snc(Cl)c1Cl,177,9.833333333333334
Cc1nc(C)c(C(O)=Nc2ccccc2)s1,162,10.125
Cc1cccc(C)c1N(C(=O)CCl)C1CCOC1=O,347,18.263157894736842
COCC(=O)N(c1c(C)cccc1C)N1CCOC1=O,287,14.35
CC1=C(C(O)=Nc2ccccc2)S(=O)(=O)CCO1,325,18.055555555555557
Cc1nn(C)c(F)c1C(O)=Nc1ccccc1C(C)CC(C)C,287,12.478260869565217
CC1=C(C(O)=Nc2ccccc2)CCCO1,249,15.5625
OC(=Nc1ccccc1-c1ccc(F)c(F)c1)c1nccnc1C(F)(F)F,305,11.296296296296296
Cn1cc(C(O)=Nc2ccccc2C2CC2C2CC2)c(C(F)F)n1,544,22.666666666666668
Cc1nc(C(F)(F)F)c(C(O)=Nc2c(Br)cc(OC(F)(F)F)cc2Br)s1,317,12.192307692307692
Cc1ccc(N=C(O)c2snnc2C)cc1Cl,175,10.294117647058824
COCC(=O)N(c1c(C)ccc(Cl)c1C)C1CCOC1=O,372,17.714285714285715
OC(=Nc1ccccc1)c1ccccc1I,157,9.8125
CC(C)Oc1cccc(N=C(O)c2ccccc2C(F)(F)F)c1,262,11.391304347826088
Cc1ccccc1C(O)=Nc1ccccc1,157,9.8125
Cc1ccccc1C(O)=Nc1cccc(OC(C)C)c1,208,10.4
OC(=Nc1ccccc1)c1ccccc1O,156,9.75
O=C(O)c1c(Cl)c(Cl)c(Cl)c(Cl)c1C(O)=Nc1cccc(Cl)c1Cl,254,10.583333333333334
Cc1occc1C(O)=Nc1ccccc1,149,9.933333333333334
Cc1cc(C(O)=Nc2ccccc2)c(C)o1,162,10.125
Cc1oc(C)c(C(O)=Nc2ccccc2)c1C,175,10.294117647058824
O=[N+]([O-])c1ccc(NS(=O)(=O)c2ccc(Cl)c(C(F)(F)F)c2)c(Cl)c1,301,12.04
ON=C(O)c1ccccc1,88,8.8
OC(=NCc1ncc(C(F)(F)F)cc1Cl)c1c(Cl)cccc1Cl,262,11.391304347826088
OC(=NCCc1ncc(C(F)(F)F)cc1Cl)c1ccccc1C(F)(F)F,315,12.115384615384615
COc1c(C)cc(N=C=S)cc1C(=O)N(C)C,160,9.411764705882353
CCCCOC(N=C(O)c1ccccc1O)C(Cl)(Cl)Cl,260,13.0
CCOC(C#N)NC(=O)c1ccc(Cl)cc1,185,11.5625
CCC(C)(N=C(O)c1cc(Cl)c(C)c(Cl)c1)C(=O)CCl,274,13.7
CON(C(=O)c1cc(C)oc1C)C1CCCCC1,303,16.833333333333332
CN(C)S(=O)(=O)N(SC(F)(Cl)Cl)c1ccccc1,230,12.777777777777779
Cc1ccc(N(SC(F)(Cl)Cl)S(=O)(=O)N(C)C)cc1,243,12.789473684210526
Cc1c(Br)c2ccc(F)cc2n1S(=O)(=O)c1ncn(S(=O)(=O)N(C)C)n1,338,13.0
Cc1ccc(-c2c(Cl)nc(C#N)n2S(=O)(=O)N(C)C)cc1,244,11.619047619047619
CC(C)[C@H](NC(=O)O)C(O)=N[C@H](C)c1nc2ccc(F)cc2s1,317,13.782608695652174
Cc1ccc(C(C)N=C(O)[C@@H](N=C(O)OC(C)C)C(C)C)cc1,312,13.565217391304348
CN(CC[C@H](N)CC(O)=N[C@H]1C=C[C@H](n2ccc(=N)nc2O)O[C@@H]1C(=O)O)C(=N)N,648,21.6
C[C@H]1C[C@H](C)C(=O)[C@H]([C@H](O)CC2CC(=O)N=C(O)C2)C1,733,36.65
C[C@H]1O[C@H](O[C@H]2[C@@H](O)[C@@H](O)[C@H](O)[C@H](O)[C@H]2O)[C@@H](N)C[C@@H]1N=C(N)C(=O)O,1211,46.57692307692308
N=C(N)NC(=N)N1CCOCC1,206,17.166666666666668
N=C(O)OC[C@@H](O)[C@H](O)[C@@H](N)C(O)=N[C@H](C(=O)O)[C@H]1O[C@@H](n2cc(C(=O)O)c(O)nc2=O)[C@H](O)[C@@H]1O,893,24.805555555555557
OCC1=C[C@H](N[C@H]2C[C@H](CO)[C@@H](O[C@@H]3O[C@H](CO)[C@@H](O)[C@H](O)[C@H]3O)[C@H](O)[C@H]2O)[C@H](O)[C@@H](O)[C@@H]1O,1705,50.14705882352941
CO/N=C(/C1=NOCCO1)c1ccccc1Oc1ncnc(Oc2ccccc2Cl)c1F,431,13.46875
CO/C=C(/C(=O)OC)c1ccccc1Oc1cc(Oc2ccccc2C#N)ncn1,319,10.633333333333333
COC(=O)C(=COCF)c1ccccc1COc1nc(Cl)c(Cl)cc1Cl,265,10.192307692307692
CCCCc1c(C)c2ccc(OCc3ccccc3/C(=C\OC)C(=O)OC)cc2oc1=O,366,11.4375
CO/C=C(/C(=O)OC)c1ccccc1CO/N=C(C)/C=C/c1ccc(Cl)cc1,340,12.142857142857142
CO/C=C(/C(=O)OC)c1ccccc1COc1ccc(C(F)(F)F)cc1Cl,320,11.851851851851851
CO/C=C(/C(=O)OC)c1ccccc1COc1ccc2c(C)c(C)c(=O)oc2c1,330,11.379310344827585
CO/C=C(/C(=O)OC)c1ccccc1COc1cccc(C(F)(F)F)n1,307,11.807692307692308
CO/C=C(/C(=O)OC)c1ccccc1COc1cc(-c2ccc(Cl)cc2)nn1C,326,11.241379310344827
COC(=O)N(OC)c1ccccc1COc1ccn(-c2ccc(Cl)cc2)n1,283,10.481481481481481
COC(=O)N(OC)c1ccccc1COc1c(C)c(-c2ccccc2)nn1C,296,10.571428571428571
COC(=O)N(OC)c1ccccc1COc1nc(Cl)c(Cl)cc1Cl,249,10.375
CO/N=C(/C(=O)OC)c1ccccc1COc1ccccc1C,253,11.0
CO/N=C(/C(=O)OC)c1ccccc1CO/N=C(\C)c1cccc(C(F)(F)F)c1,362,12.482758620689655
c1ccc(-c2ccccc2)cc1,116,9.666666666666666
O=[N+]([O-])c1cc([N+](=O)[O-])c2ccccc2c1Cl,177,10.411764705882353
COc1cc(Cl)c(OC)cc1Cl,116,9.666666666666666
N#Cc1c(Cl)c(Cl)c(Cl)c(C#N)c1Cl,130,9.285714285714286
Nc1c(Cl)cc([N+](=O)[O-])cc1Cl,118,9.833333333333334
CCCC(=O)c1ccccc1O,117,9.75
O=[N+]([O-])c1c(Cl)c(Cl)c(Cl)c(Cl)c1Cl,145,10.357142857142858
O=[N+]([O-])c1c(Cl)c(Cl)cc(Cl)c1Cl,132,10.153846153846153
O=[N+]([O-])c1c(Cl)c([N+](=O)[O-])c(Cl)c([N+](=O)[O-])c1Cl,183,10.166666666666666
COc1cc(C)c(C(=O)c2c(OC)ccc(Br)c2C)c(OC)c1OC,259,10.36
COc1cc(C)c(C(=O)c2c(OC)ncc(Cl)c2C)c(OC)c1OC,259,10.36
CCCSc1ccc2nc(N=C(O)OC)[nH]c2c1,190,10.555555555555555
CCCCN=C(O)n1c(N=C(O)OC)nc2ccccc21,218,10.380952380952381
COC(O)=Nc1nc2ccccc2[nH]1,141,10.071428571428571
Clc1ccccc1-c1nc2ccccc2[nH]1,173,10.8125
COC(O)=Nc1nc2ccccc2n1C(O)=NCCCCCC#N,244,10.166666666666666
CCOCCOCCOC(O)=Nc1nc2ccccc2[nH]1,225,10.714285714285714
c1coc(-c2nc3ccccc3[nH]2)c1,152,10.857142857142858
COC(O)=Nc1nc2ccccc2n1C(O)=NCCSC,218,10.380952380952381
Cc1cc(C)n(-c2nc3ccccc3[nH]2)n1,178,11.125
COC(O)=NC(S)=Nc1ccccc1N=Cc1ccco1,202,9.619047619047619
CCOC(O)=NC(S)=Nc1ccccc1N=C(S)N=C(O)OCC,228,9.5
COC(O)=NC(S)=Nc1ccccc1N=C(S)N=C(O)OC,204,9.272727272727273
CC(C)N=C(O)Nc1nc2ccccc2s1,171,10.6875
N#CSCSc1nc2ccccc2s1,143,10.214285714285714
Cn1c(=O)sc2cccc(Cl)c21,130,10.833333333333334
C=CCOC1=NS(=O)(=O)c2ccccc21,250,16.666666666666668
COc1ccc2cc3[n+](cc2c1OC)CCc1cc2c(cc1-3)OCO2,354,14.16
C=C(C)C1CC=C(C)C(=O)C1,272,24.727272727272727
COc1ccc2ccc(=O)oc2c1CC=C(C)C,187,10.38888888888889
CC1=C2[C@H]3OC(=O)[C@@H](C)[C@@H]3CC[C@@]2(C)C=CC1=O,769,42.72222222222222
Oc1c(Cl)cc(Cl)cc1Sc1cc(Cl)cc(Cl)c1O,204,10.736842105263158
Oc1ccc(Cl)cc1Cc1cc(Cl)ccc1O,178,10.470588235294118
c1ccc(Nc2ccccc2)cc1,124,9.538461538461538
OC(c1ccc(Cl)cc1)(c1ccc(Cl)cc1)c1cccnc1,251,11.409090909090908
CCCCN=C(O)OCC#CI,98,8.166666666666666
Cn1nnnc1/C(=N\OCc1cccc(N=C(O)OC(C)(C)C)n1)c1ccccc1,354,11.8
CCCOC(O)=NCCCN(C)C,132,10.153846153846153
COC(O)=NCc1cc(/C(C)=N/OCc2cccc(C)n2)ccc1Cl,278,11.12
Cc1ccc(C(=O)NC[C@@H](N=C(O)OCC(F)(F)F)C(C)C)cc1,303,12.625
CCOc1ccc(N=C(O)OC(C)C)cc1OCC,193,10.157894736842104
CC(C)(C)C(=O)C(Oc1ccc(Cl)cc1)n1ccnc1,260,13.0
C=CCOC(Cn1ccnc1)c1ccc(Cl)cc1Cl,234,12.31578947368421
CC1(C)COC(C)(CCCc2ccc(Cl)cc2)N1C(=O)n1ccnc1,558,22.32
CCCN(CCOc1c(Cl)cc(Cl)cc1Cl)C(=O)n1ccnc1,244,10.608695652173912
CCCOC/C(=N\c1ccc(Cl)cc1C(F)(F)F)n1ccnc1,291,12.652173913043478
Clc1ccc(C2(Cn3cncn3)OCCO2)c(Cl)c1,338,17.789473684210527
Clc1ccc(C2(Cn3cncn3)CC(Br)CO2)c(Cl)c1,521,26.05
CC(C1CC1)C(O)(Cn1cncn1)c1ccc(Cl)cc1,391,19.55
CC1COC(Cn2cncn2)(c2ccc(Oc3ccc(Cl)cc3)cc2Cl)O1,597,22.11111111111111
CC(C)(C)C(O)/C(=C\c1ccc(Cl)cc1Cl)n1cncn1,300,14.285714285714286
CC(C)(C)[C@@H](O)/C(=C\c1ccc(Cl)cc1Cl)n1cncn1,300,14.285714285714286
CCC1COC(Cn2cncn2)(c2ccc(Cl)cc2Cl)O1,533,25.38095238095238
N#CC(CCc1ccc(Cl)cc1)(Cn1cncn1)c1ccccc1,316,13.166666666666666
O=c1c2cc(F)ccc2nc(-n2cncn2)n1-c1ccc(Cl)cc1Cl,279,11.16
OC(Cn1cncn1)(c1ccc(F)cc1)c1ccccc1F,303,13.772727272727273
FC(F)(F)COC1CCC(Cn2cncn2)(c2ccc(Cl)cc2Cl)O1,599,23.96
CCCCC(O)(Cn1cncn1)c1ccc(Cl)cc1Cl,284,14.2
Clc1ccc(CSC(Cn2cncn2)=Nc2ccc(Cl)cc2Cl)cc1,267,10.68
CC(C)C1CCC(Cc2ccc(Cl)cc2)C1(O)Cn1cncn1,637,27.695652173913043
CC(C)C(O)(Cn1cncn1)c1ccc(Oc2ccc(Cl)cc2)cc1C(F)(F)F,408,14.068965517241379
CC(O)(Cn1cncn1)c1ccc(Oc2ccc(Cl)cc2)cc1C(F)(F)F,378,14.0
CC1(C)CCC(Cc2ccc(Cl)cc2)C1(O)Cn1cncn1,598,27.181818181818183
CCCCC(C#N)(Cn1cncn1)c1ccc(Cl)cc1,273,13.65
CCCC(Cn1cncn1)c1ccc(Cl)cc1Cl,227,12.61111111111111
CCCC1COC(Cn2cncn2)(c2ccc(Cl)cc2Cl)O1,545,24.772727272727273
OC(Cc1ccccc1Cl)(Cn1[nH]cnc1=S)C1(Cl)CC1,403,19.19047619047619
O=c1c2ccccc2nc(-n2cncn2)n1-c1ccc(Cl)cc1Cl,266,11.083333333333334
CC(C)(C)C(O)(CCc1ccc(Cl)cc1)Cn1cncn1,313,14.904761904761905
FC(F)C(F)(F)OCC(Cn1cncn1)c1ccc(Cl)cc1Cl,311,13.521739130434783
CC(C)(C)C(=O)C(Oc1ccc(Cl)cc1)n1cncn1,260,13.0
CC(C)(C)C(O)C(Oc1ccc(Cl)cc1)n1cncn1,297,14.85
CC1(C)CC/C(=C\c2ccc(Cl)cc2)C1(O)Cn1cncn1,566,25.727272727272727
CC(C)(C)C(O)/C(=C\c1ccc(Cl)cc1)n1cncn1,287,14.35
CC(C)(C)[C@H](O)/C(=C\c1ccc(Cl)cc1)n1cncn1,287,14.35
CCOC(=O)C(C#N)=C(N)c1ccccc1,144,9.0
CC1(c2ccc(Oc3ccccc3)cc2)OC(=O)N(Nc2ccccc2)C1=O,523,18.678571428571427
O=C1C(Cl)=C(Cl)C(=O)N1c1ccc(F)cc1,261,16.3125
CCOC(=O)C1(C)OC(=O)N(c2cc(Cl)cc(Cl)c2)C1=O,450,21.428571428571427
CC1(C)OC(=O)N(c2cc(Cl)cc(Cl)c2)C1=O,314,18.470588235294116
CC(C)N=C(O)N1CC(=O)N(c2cc(Cl)cc(Cl)c2)C1=O,317,15.095238095238095
CC(C)CC(=O)N1CC(=O)N(c2cc(Cl)cc(Cl)c2)C1=O,321,15.285714285714286
COCC1(C)OC(=O)N(c2cc(Cl)cc(Cl)c2)C1=O,434,22.842105263157894
CC12CC1(C)C(=O)N(c1cc(Cl)cc(Cl)c1)C2=O,610,33.888888888888886
C=CC1(C)OC(=O)N(c2cc(Cl)cc(Cl)c2)C1=O,417,23.166666666666668
O=C1C2CC=CCC2C(=O)N1SC(Cl)(Cl)C(Cl)Cl,507,28.166666666666668
O=C1C2CC=CCC2C(=O)N1SC(Cl)(Cl)Cl,477,29.8125
CCOP(=S)(OCC)N1C(=O)c2ccccc2C1=O,284,14.947368421052632
O=C1c2ccccc2C(=O)N1SC(Cl)(Cl)Cl,249,15.5625
O=C1c2ccccc2C(=O)N1CSc1ccc(Cl)cc1,275,13.75
CCC(C)c1cc([N+](=O)[O-])cc([N+](=O)[O-])c1OC(=O)C=C(C)C,264,11.478260869565217
CCC(C)c1cc([N+](=O)[O-])cc([N+](=O)[O-])c1OC(=O)OC(C)C,273,11.869565217391305
C/C=C/C(=O)Oc1c(C(C)CCCCCC)cc([N+](=O)[O-])cc1[N+](=O)[O-],315,12.115384615384615
CCCC(C)c1cc([N+](=O)[O-])cc([N+](=O)[O-])c1OC(=O)OC(C)C,285,11.875
CCCCCCC(C)c1cc([N+](=O)[O-])cc([N+](=O)[O-])c1OC(=O)SC,295,11.8
CCOC(=O)Oc1c([N+](=O)[O-])cc([N+](=O)[O-])cc1C(C)(C)C,240,10.909090909090908
CN(C)N=C(S)SSC(S)=NN(C)C,130,9.285714285714286
CN(C)C(=S)SCN1CCOCC1,242,18.615384615384617
CN(C)C(=S)SSC(S)=NCCN=C(S)SSC(=S)N(C)C,218,9.909090909090908
CN(C)C(=S)SSC(=S)N(C)C,112,9.333333333333334
S=C1SSC2=NCCN12,222,24.666666666666668
CC1NC(C)N(CCN2C(=S)SC(C)NC2C)C(=S)S1,712,35.6
OC(=NN=C1SCCS1)c1ccccc1,226,15.066666666666666
ON=C1C=CC(=NN=C(O)c2ccccc2)C=C1,240,13.333333333333334
CSC1=N[C@@](C)(c2ccccc2)C(=O)N1Nc1ccccc1,460,20.90909090909091
CCCCC(C#N)(Cn1ccnc1)c1ccccc1,260,13.68421052631579
[O-][n+]1nc(-n2ccnc2)nc2ccc(Cl)cc21,185,10.882352941176471
CCCCCCCCCCCCN1CC(C)OC(C)C1,483,24.15
COc1ccc(C(=CC(=O)N2CCOCC2)c2ccc(Cl)cc2)cc1OC,373,13.814814814814815
CC1CN(C2CCCCCCCCCCC2)CC(C)O1,666,33.3
COc1ccc(C(=CC(=O)N2CCOCC2)c2ccc(F)cc2)cc1OC,373,13.814814814814815
CCCCCCCCCCCCCN1CC(C)OC(C)C1,495,23.571428571428573
CCC(N)P(=O)(O)O,128,16.0
CCOP(=O)(OCC)SCc1ccccc1,186,11.625
CCOP(=O)(Sc1ccccc1)Sc1ccccc1,217,11.421052631578947
CCO[PH](=O)O,86,14.333333333333334
CCOP(=O)(OC1CCCCC1)SCC,338,22.533333333333335
CCOP(=O)(SCc1ccccc1)c1ccccc1,265,13.947368421052632
CC(C)OP(=O)(OC(C)C)SCc1ccccc1,222,12.333333333333334
CCOP(=O)(Oc1ccc(Cl)cc1Cl)Oc1ccc(Cl)cc1Cl,261,11.347826086956522
COP(=S)(OC)Oc1c(Cl)cc(C)cc1Cl,185,11.5625
CN(C)P(=O)(N(C)C)n1[nH]c(-c2ccccc2)nc1=N,246,12.3
CC1=NOC(=O)C1=NNc1ccccc1Cl,232,14.5
Cc1cc(O)no1,65,9.285714285714286
CC1=NOC(=O)C1=NNc1cccc(Cl)c1,232,14.5
Cc1cc(C(F)(F)F)nn1CC(=O)N1CCC(c2nc(C3=NOC(c4c(F)cccc4F)C3)cs2)CC1,692,18.7027027027027
CN1OC(c2ccc(Cl)cc2)C[C@]1(C)c1cccnc1,537,26.85
C=CCSC(=O)n1c(N)c(-c2ccccc2C)c(=O)n1C(C)C,252,10.956521739130435
CON(C(=O)c1cn(C)nc1C(F)F)C(C)Cc1c(Cl)cc(Cl)cc1Cl,325,12.5
CCCCSC(=Nc1cccnc1)SCc1ccc(C(C)(C)C)cc1,284,11.36
[O-][n+]1ccccc1SSc1cccc[n+]1[O-],164,10.25
O=[N+]([O-])c1cc(C(F)(F)F)c(Cl)c([N+](=O)[O-])c1Nc1ncc(C(F)(F)F)cc1Cl,348,12.0
N#Cc1c(Cl)nc(Cl)c(C#N)c1-c1ccccc1,172,9.555555555555555
CON=C(Cc1cccnc1)c1ccc(Cl)cc1Cl,191,10.052631578947368
COc1cc(C(Cl)(Cl)Cl)cc(Cl)n1,149,11.461538461538462
Clc1cc(C(Cl)(Cl)Cl)cc(OCc2ccco2)n1,208,11.555555555555555
CCCCc1c(OS(=O)(=O)N(C)C)nc(=NCC)[nH]c1C,246,11.714285714285714
CCC(Nc1ncnc(C)c1Cl)c1ccc(OC(F)F)cc1,270,12.272727272727273
CCCCc1c(C)nc(N(C)C)nc1O,156,10.4
CCCCc1c(O)nc(=NCC)[nH]c1C,155,10.333333333333334
OC(c1ccc(Cl)cc1)(c1cncnc1)c1ccccc1Cl,299,13.590909090909092
C/C(=N/Nc1nc(C)cc(C)n1)c1ccccc1C,218,11.473684210526315
OC(c1ccc(F)cc1)(c1cncnc1)c1ccccc1Cl,299,13.590909090909092
OC(c1ccccc1)(c1cncnc1)c1ccc(Cl)cc1Cl,299,13.590909090909092
Cc1cc(C2CC2)nc(Nc2ccccc2)n1,249,14.647058823529411
CC#Cc1cc(C)nc(Nc2ccccc2)n1,158,9.294117647058824
Cc1cc(C)nc(Nc2ccccc2)n1,150,10.0
O=C1CCC(=O)N1c1cc(Cl)cc(Cl)c1,244,16.266666666666666
N#Cc1c[nH]cc1-c1cccc(Cl)c1Cl,149,9.933333333333334
N#Cc1c[nH]cc1-c1cccc2c1OC(F)(F)O2,277,15.38888888888889
CCOc1ccc2c(c1)C(C)=CC(C)(C)N2,274,17.125
C=CC(=O)Oc1c(Br)cc(Cl)c2cccnc12,174,10.235294117647058
CC(=O)c1ccc(O)c2ncccc12,145,10.357142857142858
CC1(C)N=C(c2cnc3ccccc3c2)c2ccccc2C1(F)F,434,18.083333333333332
Fc1ccc(Oc2ccnc3cc(Cl)cc(Cl)c23)cc1,215,10.75
CC(=O)Oc1c(C)c(C)nc2c(F)cc(C(C)(C)C)cc12,247,11.761904761904763
O=C1C(Cl)=C(Cl)C(=O)C(Cl)=C1Cl,232,19.333333333333332
O=C1C(Cl)=C(Cl)C(=O)c2ccccc21,222,15.857142857142858
N#Cc1sc2c(=O)c3ccccc3c(=O)c=2sc1C#N,206,10.3
Cc1ccc2nc3sc(=O)sc3nc2c1,169,11.266666666666667
Clc1c(Cl)c(Cl)c2nccnc2c1Cl,152,10.857142857142858
S=c1sc2nc3ccccc3nc2s1,156,11.142857142857142
CCOc1nc(C(Cl)(Cl)Cl)ns1,140,11.666666666666666
CCN=c1[nH]c(CC)c(C(O)=NC(C#N)c2cccs2)s1,245,11.666666666666666
CCCCCCCCn1sccc1=O,149,10.642857142857142
COc1ccccc1N1CCS/C1=C(/C#N)Sc1cc(C(F)(F)F)ccc1F,450,16.071428571428573
CN=C1SC(=NC(F)(F)F)C(=NC(F)(F)F)N1c1ccc(Cl)cc1,380,15.833333333333334
CCSC(O)=NCCCN(C)C,124,10.333333333333334
Clc1nc(Cl)[nH]c(=Nc2ccccc2Cl)n1,163,10.1875
CC(C)(C)C(O)C(Oc1ccc(-c2ccccc2)cc1)n1cncn1,352,14.08
FC(F)(F)c1cccc(C(c2ccccc2)(c2ccccc2)n2cncn2)c1,339,12.107142857142858
CCCCn1cnnc1,89,9.88888888888889
CCCCCCCCc1c(CC)nc2ncnn2c1N,226,11.3
OC(=Nc1ccccc1)N(Cc1ccc(Cl)cc1)C1CCCC1,337,14.652173913043478
O=C(S)c1cccc2nnsc12,125,10.416666666666666
O=S1CCON=C1c1cc2ccccc2s1,328,20.5
N#CCCC(Br)(C#N)CBr,148,14.8
CC(=O)c1c(O)oc(C)cc1=O,118,9.833333333333334
Cc1c(Cl)cc(-c2ccc(O)nn2)cc1Cl,167,10.4375
CCOC(=O)OC(=O)OCC,94,8.545454545454545
Cn1c(=O)c2sc3c(=O)n(C)c(=O)c3sc2c1=O,210,11.666666666666666
CCSS(=O)(=O)CC,94,11.75
CC(Cc1ccc(C(C)(C)C)cc1)CN1CCCCC1,380,19.0
ClC(Cl)=C(Cl)C(Cl)=C(Cl)Cl,90,9.0
CC(=Cc1ccc(SC#N)cc1)[N+](=O)[O-],136,9.066666666666666
CC(C)OC(=O)c1cc(C(=O)OC(C)C)cc([N+](=O)[O-])c1,222,10.571428571428571
CCCCCCCCCCCC(=O)Oc1c(Cl)c(Cl)c(Cl)c(Cl)c1Cl,274,10.96
Oc1ccccc1-c1ccccc1,128,9.846153846153847
O=C1OCc2c(Cl)c(Cl)c(Cl)c(Cl)c21,198,14.142857142857142
CC1CCCCN1CCCOC(=O)c1ccc(Cl)c(Cl)c1,409,19.476190476190474
N=C(N)c1ccc(OCCCOc2ccc(C(=N)N)cc2)cc1,232,10.08695652173913
CCCOc1nc2ccc(I)cc2c(=O)n1CCC,207,10.894736842105264
O=C1CCc2cccc3c2N1CC3,248,19.076923076923077
CCCN(CC)CC1COC2(CCC(C(C)(C)C)CC2)O1,714,34.0
CCCCCS(=O)(=O)c1ccc([N+](=O)[O-])cc1[N+](=O)[O-],225,11.25
CCS(=O)c1sc(C#N)c(Cl)c1C#N,164,11.714285714285714
Cc1cccc2sc3nncn3c12,149,11.461538461538462
